Type,Classification,Value,First seen,Last seen
IP address,Kinsing scanner,83.97.73.245,11/01/2024,25/01/2024
IP address,Kinsing scanner,66.206.23.5,18/12/2023,18/12/2023
IP address,Kinsing scanner,165.154.225.239,18/12/2023,18/12/2023
IP address,Kinsing scanner,128.199.126.58,18/12/2023,18/12/2023
IP address,Kinsing scanner,167.99.116.9,18/12/2023,18/12/2023
IP address,Kinsing scanner,18.170.28.84,18/12/2023,18/12/2023
IP address,Kinsing scanner,45.128.232.159,18/12/2023,18/12/2023
IP address,Kinsing scanner,94.16.115.109,18/12/2023,18/12/2023
IP address,Kinsing scanner,120.48.3.148,18/12/2023,18/12/2023
IP address,Kinsing scanner,202.143.111.43,17/12/2023,17/12/2023
IP address,Kinsing scanner,213.136.88.64,17/12/2023,17/12/2023
IP address,Kinsing scanner,138.68.86.233,17/12/2023,17/12/2023
IP address,Kinsing scanner,167.172.59.80,17/12/2023,17/12/2023
IP address,Kinsing scanner,103.162.31.132,17/12/2023,17/12/2023
IP address,Kinsing scanner,167.99.247.168,17/12/2023,17/12/2023
IP address,Kinsing scanner,193.106.246.99,17/12/2023,17/12/2023
IP address,Kinsing scanner,159.223.181.142,17/12/2023,17/12/2023
IP address,Kinsing scanner,191.101.126.177,17/12/2023,17/12/2023
IP address,Kinsing scanner,165.227.231.99,17/12/2023,17/12/2023
IP address,Kinsing scanner,167.172.170.192,17/12/2023,17/12/2023
IP address,Kinsing scanner,143.244.149.47,17/12/2023,17/12/2023
IP address,Kinsing scanner,141.98.118.115,17/12/2023,17/12/2023
IP address,Kinsing scanner,103.16.181.152,17/12/2023,17/12/2023
IP address,Kinsing scanner,120.48.35.213,17/12/2023,17/12/2023
IP address,Kinsing scanner,176.113.115.218,17/12/2023,17/12/2023
IP address,Kinsing scanner,35.243.151.63,17/12/2023,17/12/2023
IP address,Kinsing scanner,54.173.59.51,17/12/2023,17/12/2023
IP address,Kinsing scanner,74.207.253.74,17/12/2023,17/12/2023
IP address,Kinsing scanner,154.0.164.192,17/12/2023,17/12/2023
IP address,Kinsing scanner,139.59.86.58,17/12/2023,17/12/2023
IP address,Kinsing scanner,134.122.69.185,17/12/2023,17/12/2023
IP address,Kinsing scanner,142.93.223.116,17/12/2023,17/12/2023
IP address,Kinsing scanner,162.243.145.38,17/12/2023,17/12/2023
IP address,Kinsing scanner,161.35.206.168,17/12/2023,17/12/2023
IP address,Kinsing scanner,104.248.124.74,17/12/2023,17/12/2023
IP address,Kinsing scanner,165.227.84.100,17/12/2023,17/12/2023
IP address,Kinsing scanner,129.146.242.140,17/12/2023,17/12/2023
IP address,Kinsing scanner,145.239.17.223,17/12/2023,17/12/2023
IP address,Kinsing scanner,104.236.37.203,17/12/2023,17/12/2023
IP address,Kinsing scanner,45.32.37.109,17/12/2023,17/12/2023
IP address,Kinsing scanner,217.112.92.88,17/12/2023,17/12/2023
IP address,Kinsing scanner,34.148.129.201,17/12/2023,17/12/2023
IP address,Kinsing scanner,140.82.36.115,17/12/2023,17/12/2023
IP address,Kinsing scanner,154.57.15.234,17/12/2023,17/12/2023
IP address,Kinsing scanner,140.238.182.66,17/12/2023,17/12/2023
IP address,Kinsing scanner,35.203.211.92,17/12/2023,17/12/2023
IP address,Kinsing scanner,83.171.249.75,17/12/2023,17/12/2023
IP address,Kinsing scanner,139.159.142.175,17/12/2023,17/12/2023
IP address,Kinsing scanner,77.222.63.226,17/12/2023,17/12/2023
IP address,Kinsing scanner,162.142.125.226,17/12/2023,17/12/2023
IP address,Kinsing scanner,51.38.187.30,17/12/2023,17/12/2023
IP address,Kinsing scanner,185.173.92.42,16/12/2023,16/12/2023
IP address,Kinsing scanner,137.184.93.237,16/12/2023,17/12/2023
IP address,Kinsing scanner,192.241.144.164,16/12/2023,16/12/2023
IP address,Kinsing scanner,164.92.99.183,16/12/2023,16/12/2023
IP address,Kinsing scanner,51.68.215.45,16/12/2023,16/12/2023
IP address,Kinsing scanner,155.138.143.116,16/12/2023,16/12/2023
IP address,Kinsing scanner,165.227.211.162,16/12/2023,16/12/2023
IP address,Kinsing scanner,138.121.170.84,16/12/2023,16/12/2023
IP address,Kinsing scanner,129.153.177.196,16/12/2023,16/12/2023
IP address,Kinsing scanner,86.48.3.39,16/12/2023,16/12/2023
IP address,Kinsing scanner,35.173.153.169,16/12/2023,16/12/2023
IP address,Kinsing scanner,162.0.228.139,16/12/2023,16/12/2023
IP address,Kinsing scanner,143.244.140.60,16/12/2023,16/12/2023
IP address,Kinsing scanner,121.4.247.245,16/12/2023,16/12/2023
IP address,Kinsing scanner,91.121.37.21,16/12/2023,16/12/2023
IP address,Kinsing scanner,84.201.146.186,16/12/2023,16/12/2023
IP address,Kinsing scanner,103.54.251.162,16/12/2023,16/12/2023
IP address,Kinsing scanner,159.223.25.189,16/12/2023,16/12/2023
IP address,Kinsing scanner,34.71.51.253,16/12/2023,16/12/2023
IP address,Kinsing scanner,167.179.69.138,16/12/2023,16/12/2023
IP address,Kinsing scanner,143.244.185.126,16/12/2023,16/12/2023
IP address,Kinsing scanner,157.230.8.197,16/12/2023,16/12/2023
IP address,Kinsing scanner,67.205.152.186,16/12/2023,16/12/2023
IP address,Kinsing scanner,51.38.178.95,16/12/2023,16/12/2023
IP address,Kinsing scanner,161.97.180.145,16/12/2023,16/12/2023
IP address,Kinsing scanner,91.90.213.175,16/12/2023,16/12/2023
IP address,Kinsing scanner,179.43.158.242,16/12/2023,16/12/2023
IP address,Kinsing scanner,85.236.38.167,16/12/2023,16/12/2023
IP address,Kinsing scanner,198.235.24.35,15/12/2023,15/12/2023
IP address,Kinsing scanner,101.34.62.209,15/12/2023,15/12/2023
IP address,Kinsing scanner,192.241.204.72,15/12/2023,15/12/2023
IP address,Kinsing scanner,120.48.120.211,14/12/2023,16/12/2023
IP address,Kinsing scanner,172.105.23.174,14/12/2023,17/12/2023
IP address,Kinsing scanner,178.128.241.138,14/12/2023,14/12/2023
IP address,Kinsing scanner,164.92.225.181,14/12/2023,14/12/2023
IP address,Kinsing scanner,185.3.95.174,14/12/2023,14/12/2023
IP address,Kinsing scanner,206.189.27.155,14/12/2023,14/12/2023
IP address,Kinsing scanner,198.235.24.234,14/12/2023,14/12/2023
IP address,Kinsing scanner,172.104.211.9,14/12/2023,14/12/2023
IP address,Kinsing scanner,161.35.54.165,14/12/2023,14/12/2023
IP address,Kinsing scanner,107.174.64.132,14/12/2023,14/12/2023
IP address,Kinsing scanner,178.128.97.106,14/12/2023,14/12/2023
IP address,Kinsing scanner,165.22.47.161,14/12/2023,14/12/2023
IP address,Kinsing scanner,185.116.193.234,14/12/2023,14/12/2023
IP address,Kinsing scanner,144.126.144.172,14/12/2023,14/12/2023
IP address,Kinsing scanner,31.192.208.15,14/12/2023,14/12/2023
IP address,Kinsing scanner,165.22.220.165,14/12/2023,14/12/2023
IP address,Kinsing scanner,35.203.210.48,14/12/2023,14/12/2023
IP address,Kinsing scanner,162.243.184.184,14/12/2023,16/12/2023
IP address,Kinsing scanner,194.242.57.88,14/12/2023,14/12/2023
IP address,Kinsing scanner,203.161.54.145,14/12/2023,14/12/2023
IP address,Kinsing scanner,162.216.149.44,14/12/2023,14/12/2023
IP address,Kinsing scanner,137.184.70.225,13/12/2023,13/12/2023
IP address,Kinsing scanner,78.108.177.50,13/12/2023,13/12/2023
IP address,Kinsing scanner,206.189.47.114,13/12/2023,13/12/2023
IP address,Kinsing scanner,172.104.32.39,13/12/2023,13/12/2023
IP address,Kinsing scanner,82.165.54.157,13/12/2023,13/12/2023
IP address,Kinsing scanner,31.131.26.11,13/12/2023,13/12/2023
IP address,Kinsing scanner,142.93.104.13,13/12/2023,13/12/2023
IP address,Kinsing scanner,159.223.116.73,13/12/2023,13/12/2023
IP address,Kinsing scanner,179.60.147.47,13/12/2023,13/12/2023
IP address,Kinsing scanner,191.252.38.217,13/12/2023,13/12/2023
IP address,Kinsing scanner,167.172.157.170,13/12/2023,13/12/2023
IP address,Kinsing scanner,51.83.44.210,13/12/2023,13/12/2023
IP address,Kinsing scanner,213.246.42.170,13/12/2023,16/12/2023
IP address,Kinsing scanner,47.243.23.219,13/12/2023,13/12/2023
IP address,Kinsing scanner,61.31.235.19,13/12/2023,13/12/2023
IP address,Kinsing scanner,199.47.47.36,13/12/2023,13/12/2023
IP address,Kinsing scanner,68.183.71.33,13/12/2023,13/12/2023
IP address,Kinsing scanner,158.69.198.214,13/12/2023,13/12/2023
IP address,Kinsing scanner,209.145.57.209,13/12/2023,13/12/2023
IP address,Kinsing scanner,198.199.104.100,13/12/2023,13/12/2023
IP address,Kinsing scanner,194.242.56.234,13/12/2023,13/12/2023
IP address,Kinsing scanner,172.93.49.28,13/12/2023,13/12/2023
IP address,Kinsing scanner,104.248.19.213,13/12/2023,13/12/2023
IP address,Kinsing scanner,51.195.221.177,13/12/2023,13/12/2023
IP address,Kinsing scanner,178.18.250.179,13/12/2023,13/12/2023
IP address,Kinsing scanner,157.230.242.71,13/12/2023,13/12/2023
IP address,Kinsing scanner,143.198.11.156,13/12/2023,13/12/2023
IP address,Kinsing scanner,104.248.145.201,13/12/2023,13/12/2023
IP address,Kinsing scanner,107.170.40.44,13/12/2023,13/12/2023
IP address,Kinsing scanner,147.182.246.119,13/12/2023,13/12/2023
IP address,Kinsing scanner,159.203.125.200,13/12/2023,13/12/2023
IP address,Kinsing scanner,157.245.199.187,13/12/2023,13/12/2023
IP address,Kinsing scanner,158.160.45.251,13/12/2023,13/12/2023
IP address,Kinsing scanner,134.209.189.40,13/12/2023,13/12/2023
IP address,Kinsing scanner,157.97.132.119,13/12/2023,17/12/2023
IP address,Kinsing scanner,185.249.227.193,13/12/2023,13/12/2023
IP address,Kinsing scanner,154.26.153.189,13/12/2023,13/12/2023
IP address,Kinsing scanner,42.193.42.133,13/12/2023,16/12/2023
IP address,Kinsing scanner,104.245.32.213,13/12/2023,13/12/2023
IP address,Kinsing scanner,35.219.24.119,13/12/2023,13/12/2023
IP address,Kinsing scanner,201.49.112.137,13/12/2023,13/12/2023
IP address,Kinsing scanner,85.95.244.184,13/12/2023,13/12/2023
IP address,Kinsing scanner,185.66.234.236,13/12/2023,13/12/2023
IP address,Kinsing scanner,220.185.147.184,13/12/2023,13/12/2023
IP address,Kinsing scanner,178.62.49.35,13/12/2023,13/12/2023
IP address,Kinsing scanner,34.148.165.27,13/12/2023,13/12/2023
IP address,Kinsing scanner,157.230.60.73,13/12/2023,16/12/2023
IP address,Kinsing scanner,15.235.193.83,13/12/2023,13/12/2023
IP address,Kinsing scanner,109.123.236.29,13/12/2023,13/12/2023
IP address,Kinsing scanner,51.68.119.135,13/12/2023,13/12/2023
IP address,Kinsing scanner,23.95.170.206,13/12/2023,13/12/2023
IP address,Kinsing scanner,94.102.12.160,13/12/2023,13/12/2023
IP address,Kinsing scanner,188.166.76.6,13/12/2023,13/12/2023
IP address,Kinsing scanner,134.122.27.125,13/12/2023,13/12/2023
IP address,Kinsing scanner,159.203.189.37,13/12/2023,13/12/2023
IP address,Kinsing scanner,128.199.163.128,13/12/2023,13/12/2023
IP address,Kinsing scanner,37.187.12.35,12/12/2023,12/12/2023
IP address,Kinsing scanner,64.227.1.143,12/12/2023,12/12/2023
IP address,Kinsing scanner,165.22.223.3,12/12/2023,12/12/2023
IP address,Kinsing scanner,66.29.143.131,12/12/2023,14/12/2023
IP address,Kinsing scanner,204.107.27.213,12/12/2023,12/12/2023
IP address,Kinsing scanner,194.163.128.136,12/12/2023,12/12/2023
IP address,Kinsing scanner,45.55.56.29,12/12/2023,12/12/2023
IP address,Kinsing scanner,64.62.197.49,12/12/2023,12/12/2023
IP address,Kinsing scanner,159.65.53.22,12/12/2023,12/12/2023
IP address,Kinsing scanner,178.238.238.132,12/12/2023,12/12/2023
IP address,Kinsing scanner,188.225.34.96,12/12/2023,13/12/2023
IP address,Kinsing scanner,165.227.70.22,12/12/2023,16/12/2023
IP address,Kinsing scanner,178.18.248.127,12/12/2023,13/12/2023
IP address,Kinsing scanner,192.241.140.237,12/12/2023,12/12/2023
IP address,Kinsing scanner,193.233.161.243,12/12/2023,12/12/2023
IP address,Kinsing scanner,143.110.153.123,11/12/2023,11/12/2023
IP address,Kinsing scanner,106.3.137.147,11/12/2023,11/12/2023
IP address,Kinsing scanner,178.128.54.244,11/12/2023,11/12/2023
IP address,Kinsing scanner,159.89.172.135,11/12/2023,11/12/2023
IP address,Kinsing scanner,192.18.154.176,11/12/2023,11/12/2023
IP address,Kinsing scanner,52.0.3.194,11/12/2023,11/12/2023
IP address,Kinsing scanner,168.235.69.38,11/12/2023,11/12/2023
IP address,Kinsing scanner,35.178.204.138,11/12/2023,11/12/2023
IP address,Kinsing scanner,103.108.231.76,11/12/2023,11/12/2023
IP address,Kinsing scanner,61.232.0.132,11/12/2023,11/12/2023
IP address,Kinsing scanner,51.83.22.29,11/12/2023,11/12/2023
IP address,Kinsing scanner,3.111.30.39,11/12/2023,14/12/2023
IP address,Kinsing scanner,140.238.134.225,11/12/2023,11/12/2023
IP address,Kinsing scanner,128.199.197.130,11/12/2023,11/12/2023
IP address,Kinsing scanner,64.62.197.184,11/12/2023,11/12/2023
IP address,Kinsing scanner,137.184.112.192,11/12/2023,11/12/2023
IP address,Kinsing scanner,35.203.211.160,11/12/2023,11/12/2023
IP address,Kinsing scanner,167.99.71.193,11/12/2023,11/12/2023
IP address,Kinsing scanner,43.241.39.102,11/12/2023,11/12/2023
IP address,Kinsing scanner,128.199.199.54,11/12/2023,11/12/2023
IP address,Kinsing scanner,91.134.136.25,11/12/2023,13/12/2023
IP address,Kinsing scanner,123.249.68.57,11/12/2023,11/12/2023
IP address,Kinsing scanner,5.45.85.81,11/12/2023,16/12/2023
IP address,Kinsing scanner,194.233.76.124,11/12/2023,11/12/2023
IP address,Kinsing scanner,79.143.181.2,11/12/2023,11/12/2023
IP address,Kinsing scanner,46.101.173.79,11/12/2023,12/12/2023
IP address,Kinsing scanner,68.183.180.222,11/12/2023,11/12/2023
IP address,Kinsing scanner,138.68.173.191,11/12/2023,11/12/2023
IP address,Kinsing scanner,45.79.16.53,10/12/2023,12/12/2023
IP address,Kinsing scanner,54.37.20.146,10/12/2023,10/12/2023
IP address,Kinsing scanner,206.189.45.120,10/12/2023,10/12/2023
IP address,Kinsing scanner,103.74.117.69,10/12/2023,10/12/2023
IP address,Kinsing scanner,178.32.117.12,10/12/2023,13/12/2023
IP address,Kinsing scanner,103.153.215.229,10/12/2023,17/12/2023
IP address,Kinsing scanner,51.79.188.97,10/12/2023,10/12/2023
IP address,Kinsing scanner,8.219.179.79,10/12/2023,10/12/2023
IP address,Kinsing scanner,129.80.100.17,10/12/2023,10/12/2023
IP address,Kinsing scanner,83.212.174.61,10/12/2023,17/12/2023
IP address,Kinsing scanner,121.37.237.252,10/12/2023,10/12/2023
IP address,Kinsing scanner,64.226.100.89,10/12/2023,10/12/2023
IP address,Kinsing scanner,51.68.122.239,10/12/2023,10/12/2023
IP address,Kinsing scanner,143.110.187.177,10/12/2023,11/12/2023
IP address,Kinsing scanner,180.149.247.59,10/12/2023,10/12/2023
IP address,Kinsing scanner,101.43.54.155,10/12/2023,10/12/2023
IP address,Kinsing scanner,138.68.47.16,10/12/2023,10/12/2023
IP address,Kinsing scanner,146.190.82.120,10/12/2023,10/12/2023
IP address,Kinsing scanner,165.232.177.24,10/12/2023,10/12/2023
IP address,Kinsing scanner,198.211.120.213,10/12/2023,10/12/2023
IP address,Kinsing scanner,207.154.218.177,10/12/2023,10/12/2023
IP address,Kinsing scanner,157.230.30.140,10/12/2023,10/12/2023
IP address,Kinsing scanner,62.210.100.129,10/12/2023,10/12/2023
IP address,Kinsing scanner,1.15.54.194,10/12/2023,10/12/2023
IP address,Kinsing scanner,164.92.177.71,10/12/2023,10/12/2023
IP address,Kinsing scanner,107.170.252.35,10/12/2023,10/12/2023
IP address,Kinsing scanner,24.199.103.5,10/12/2023,10/12/2023
IP address,Kinsing scanner,167.99.80.72,10/12/2023,10/12/2023
IP address,Kinsing scanner,185.48.35.177,10/12/2023,13/12/2023
IP address,Kinsing scanner,138.68.72.129,10/12/2023,10/12/2023
IP address,Kinsing scanner,212.224.112.162,10/12/2023,13/12/2023
IP address,Kinsing scanner,130.89.148.18,10/12/2023,10/12/2023
IP address,Kinsing scanner,67.207.85.120,10/12/2023,10/12/2023
IP address,Kinsing scanner,109.123.244.27,10/12/2023,10/12/2023
IP address,Kinsing scanner,178.32.40.128,10/12/2023,17/12/2023
IP address,Kinsing scanner,144.126.155.121,10/12/2023,10/12/2023
IP address,Kinsing scanner,31.220.94.142,10/12/2023,10/12/2023
IP address,Kinsing scanner,50.116.54.124,10/12/2023,10/12/2023
IP address,Kinsing scanner,51.75.18.241,10/12/2023,10/12/2023
IP address,Kinsing scanner,95.85.7.128,10/12/2023,10/12/2023
IP address,Kinsing scanner,178.128.152.29,10/12/2023,13/12/2023
IP address,Kinsing scanner,198.23.152.144,09/12/2023,09/12/2023
IP address,Kinsing scanner,193.70.88.31,09/12/2023,10/12/2023
IP address,Kinsing scanner,94.237.61.71,09/12/2023,17/12/2023
IP address,Kinsing scanner,108.61.184.18,09/12/2023,11/12/2023
IP address,Kinsing scanner,192.210.137.92,09/12/2023,16/12/2023
IP address,Kinsing scanner,46.246.38.153,09/12/2023,09/12/2023
IP address,Kinsing scanner,165.73.244.87,09/12/2023,09/12/2023
IP address,Kinsing scanner,172.233.84.171,09/12/2023,09/12/2023
IP address,Kinsing scanner,103.150.191.44,09/12/2023,09/12/2023
IP address,Kinsing scanner,38.242.145.6,09/12/2023,09/12/2023
IP address,Kinsing scanner,117.78.8.61,09/12/2023,09/12/2023
IP address,Kinsing scanner,143.198.216.178,09/12/2023,09/12/2023
IP address,Kinsing scanner,185.197.251.210,09/12/2023,09/12/2023
IP address,Kinsing scanner,165.22.201.107,09/12/2023,09/12/2023
IP address,Kinsing scanner,64.226.101.200,09/12/2023,09/12/2023
IP address,Kinsing scanner,129.153.55.246,09/12/2023,09/12/2023
IP address,Kinsing scanner,191.252.195.103,09/12/2023,09/12/2023
IP address,Kinsing scanner,207.246.70.185,09/12/2023,09/12/2023
IP address,Kinsing scanner,45.33.13.84,09/12/2023,09/12/2023
IP address,Kinsing scanner,209.127.179.7,09/12/2023,11/12/2023
IP address,Kinsing scanner,167.86.112.169,09/12/2023,09/12/2023
IP address,Kinsing scanner,45.56.65.202,09/12/2023,09/12/2023
IP address,Kinsing scanner,123.60.52.169,09/12/2023,17/12/2023
IP address,Kinsing scanner,128.199.185.168,09/12/2023,09/12/2023
IP address,Kinsing scanner,168.138.112.144,09/12/2023,09/12/2023
IP address,Kinsing scanner,92.222.221.200,09/12/2023,17/12/2023
IP address,Kinsing scanner,37.120.172.77,09/12/2023,09/12/2023
IP address,Kinsing scanner,118.27.116.49,09/12/2023,09/12/2023
IP address,Kinsing scanner,162.142.125.216,09/12/2023,09/12/2023
IP address,Kinsing scanner,46.231.200.244,09/12/2023,09/12/2023
IP address,Kinsing scanner,45.148.122.55,09/12/2023,09/12/2023
IP address,Kinsing scanner,137.184.4.45,09/12/2023,11/12/2023
IP address,Kinsing scanner,45.77.206.105,09/12/2023,11/12/2023
IP address,Kinsing scanner,139.99.194.161,09/12/2023,09/12/2023
IP address,Kinsing scanner,23.92.22.124,09/12/2023,09/12/2023
IP address,Kinsing scanner,192.3.26.172,09/12/2023,17/12/2023
IP address,Kinsing scanner,46.101.183.34,09/12/2023,10/12/2023
IP address,Kinsing scanner,101.53.154.208,09/12/2023,09/12/2023
IP address,Kinsing scanner,185.198.27.44,09/12/2023,09/12/2023
IP address,Kinsing scanner,220.80.60.106,09/12/2023,09/12/2023
IP address,Kinsing scanner,143.198.143.33,09/12/2023,09/12/2023
IP address,Kinsing scanner,137.184.90.131,09/12/2023,09/12/2023
IP address,Kinsing scanner,137.184.38.172,09/12/2023,09/12/2023
IP address,Kinsing scanner,198.46.218.3,09/12/2023,09/12/2023
IP address,Kinsing scanner,51.178.62.221,09/12/2023,09/12/2023
IP address,Kinsing scanner,128.199.30.64,09/12/2023,11/12/2023
IP address,Kinsing scanner,157.230.211.191,09/12/2023,09/12/2023
IP address,Kinsing scanner,209.15.110.13,09/12/2023,09/12/2023
IP address,Kinsing scanner,192.34.56.29,09/12/2023,09/12/2023
IP address,Kinsing scanner,45.84.1.160,09/12/2023,09/12/2023
IP address,Kinsing scanner,69.30.237.171,09/12/2023,09/12/2023
IP address,Kinsing scanner,141.94.71.145,09/12/2023,09/12/2023
IP address,Kinsing scanner,146.59.146.30,09/12/2023,09/12/2023
IP address,Kinsing scanner,34.79.162.186,09/12/2023,31/12/2023
IP address,Kinsing scanner,95.111.249.142,09/12/2023,09/12/2023
IP address,Kinsing scanner,185.67.0.130,09/12/2023,09/12/2023
IP address,Kinsing scanner,202.182.57.42,09/12/2023,09/12/2023
IP address,Kinsing scanner,51.210.42.118,09/12/2023,09/12/2023
IP address,Kinsing scanner,95.213.179.119,09/12/2023,09/12/2023
IP address,Kinsing scanner,157.245.110.173,09/12/2023,09/12/2023
IP address,Kinsing scanner,152.67.162.139,09/12/2023,09/12/2023
IP address,Kinsing scanner,128.199.91.223,09/12/2023,09/12/2023
IP address,Kinsing scanner,46.163.124.54,09/12/2023,13/12/2023
IP address,Kinsing scanner,151.80.23.127,09/12/2023,10/12/2023
IP address,Kinsing scanner,147.182.152.104,09/12/2023,09/12/2023
IP address,Kinsing scanner,62.171.184.140,09/12/2023,17/12/2023
IP address,Kinsing scanner,135.148.139.62,09/12/2023,09/12/2023
IP address,Kinsing scanner,51.15.141.26,09/12/2023,10/12/2023
IP address,Kinsing scanner,164.92.136.17,09/12/2023,09/12/2023
IP address,Kinsing scanner,101.34.211.133,09/12/2023,09/12/2023
IP address,Kinsing scanner,161.189.213.242,08/12/2023,11/12/2023
IP address,Kinsing scanner,157.245.33.104,08/12/2023,08/12/2023
IP address,Kinsing scanner,37.26.139.102,08/12/2023,08/12/2023
IP address,Kinsing scanner,23.239.8.120,08/12/2023,08/12/2023
IP address,Kinsing scanner,98.147.13.210,08/12/2023,08/12/2023
IP address,Kinsing scanner,103.29.212.73,08/12/2023,08/12/2023
IP address,Kinsing scanner,182.254.168.121,08/12/2023,11/12/2023
IP address,Kinsing scanner,150.158.193.54,08/12/2023,18/12/2023
IP address,Kinsing scanner,80.94.95.249,08/12/2023,08/12/2023
IP address,Kinsing scanner,184.105.247.252,08/12/2023,08/12/2023
IP address,Kinsing scanner,212.53.203.198,08/12/2023,08/12/2023
IP address,Kinsing scanner,198.211.100.227,08/12/2023,17/12/2023
IP address,Kinsing scanner,137.184.65.234,08/12/2023,08/12/2023
IP address,Kinsing scanner,216.73.156.78,08/12/2023,08/12/2023
IP address,Kinsing scanner,172.105.249.250,06/12/2023,06/12/2023
IP address,Kinsing scanner,35.203.211.196,05/12/2023,05/12/2023
IP address,Kinsing scanner,172.104.228.72,05/12/2023,05/12/2023
IP address,Kinsing scanner,107.170.230.6,05/12/2023,05/12/2023
IP address,Kinsing scanner,172.104.24.81,04/12/2023,04/12/2023
IP address,Kinsing scanner,139.59.79.166,04/12/2023,04/12/2023
IP address,Kinsing scanner,35.203.210.84,04/12/2023,04/12/2023
IP address,Kinsing scanner,205.210.31.24,03/12/2023,03/12/2023
IP address,Kinsing scanner,162.243.134.28,03/12/2023,03/12/2023
IP address,Kinsing scanner,185.233.19.134,03/12/2023,03/12/2023
IP address,Kinsing scanner,165.154.182.53,03/12/2023,03/12/2023
IP address,Kinsing scanner,205.210.31.5,03/12/2023,03/12/2023
IP address,Kinsing scanner,104.236.128.33,03/12/2023,03/12/2023
IP address,Kinsing scanner,64.62.197.41,03/12/2023,03/12/2023
IP address,Kinsing scanner,162.216.150.21,03/12/2023,03/12/2023
IP address,Kinsing scanner,45.139.227.160,02/12/2023,02/12/2023
IP address,Kinsing scanner,165.227.62.247,02/12/2023,02/12/2023
IP address,Kinsing scanner,45.79.172.21,02/12/2023,10/12/2023
IP address,Kinsing scanner,31.7.58.42,02/12/2023,03/12/2023
IP address,Kinsing scanner,113.234.88.248,02/12/2023,02/12/2023
IP address,Kinsing scanner,49.36.214.17,02/12/2023,02/12/2023
IP address,Kinsing scanner,162.142.125.13,02/12/2023,02/12/2023
IP address,Kinsing scanner,107.170.234.27,02/12/2023,02/12/2023
IP address,Kinsing scanner,47.92.2.29,02/12/2023,02/12/2023
IP address,Kinsing scanner,103.45.246.23,02/12/2023,02/12/2023
IP address,Kinsing scanner,91.92.240.245,01/12/2023,01/12/2023
IP address,Kinsing scanner,118.123.105.85,01/12/2023,01/12/2023
IP address,Kinsing scanner,198.235.24.21,01/12/2023,01/12/2023
IP address,Kinsing scanner,138.197.204.28,01/12/2023,13/12/2023
IP address,Kinsing scanner,173.255.226.218,01/12/2023,01/12/2023
IP address,Kinsing scanner,162.216.150.223,01/12/2023,01/12/2023
IP address,Kinsing scanner,78.153.140.37,01/12/2023,30/01/2024
IP address,Kinsing scanner,5.135.154.31,30/11/2023,30/11/2023
IP address,Kinsing scanner,18.166.55.112,30/11/2023,30/11/2023
IP address,Kinsing scanner,104.131.82.44,30/11/2023,30/11/2023
IP address,Kinsing scanner,164.90.161.162,30/11/2023,30/11/2023
IP address,Kinsing scanner,198.235.24.152,29/11/2023,29/11/2023
IP address,Kinsing scanner,198.235.24.158,29/11/2023,29/11/2023
IP address,Kinsing scanner,91.191.209.206,29/11/2023,29/11/2023
IP address,Kinsing scanner,64.62.197.102,29/11/2023,29/11/2023
IP address,Kinsing scanner,71.6.146.130,29/11/2023,29/11/2023
IP address,Kinsing scanner,45.156.129.12,29/11/2023,29/11/2023
IP address,Kinsing scanner,167.94.145.56,29/11/2023,29/11/2023
IP address,Kinsing scanner,91.92.249.128,29/11/2023,29/11/2023
IP address,Kinsing scanner,43.198.209.94,28/11/2023,28/11/2023
IP address,Kinsing scanner,193.138.218.215,28/11/2023,28/11/2023
IP address,Kinsing scanner,45.94.31.48,26/11/2023,26/11/2023
IP address,Kinsing scanner,15.161.103.59,26/11/2023,26/11/2023
IP address,Kinsing scanner,198.235.24.42,26/11/2023,26/11/2023
IP address,Kinsing scanner,45.15.158.154,25/11/2023,25/11/2023
IP address,Kinsing scanner,62.38.143.179,25/11/2023,25/11/2023
IP address,Kinsing scanner,164.52.0.94,25/11/2023,25/11/2023
IP address,Kinsing scanner,162.216.150.239,25/11/2023,25/11/2023
IP address,Kinsing scanner,107.170.247.35,25/11/2023,25/11/2023
IP address,Kinsing scanner,167.248.133.39,25/11/2023,25/11/2023
IP address,Kinsing scanner,78.153.140.219,25/11/2023,25/11/2023
IP address,Kinsing scanner,62.221.83.23,25/11/2023,25/11/2023
IP address,Kinsing scanner,74.82.47.3,25/11/2023,25/11/2023
IP address,Kinsing scanner,179.60.147.13,25/11/2023,25/11/2023
IP address,Kinsing scanner,64.227.146.243,25/11/2023,25/11/2023
IP address,Kinsing scanner,45.79.181.223,25/11/2023,25/11/2023
IP address,Kinsing scanner,198.235.24.20,24/11/2023,24/11/2023
IP address,Kinsing scanner,167.248.133.124,24/11/2023,25/11/2023
IP address,Kinsing scanner,52.38.104.126,24/11/2023,24/11/2023
IP address,Kinsing scanner,192.241.222.77,24/11/2023,24/11/2023
IP address,Kinsing scanner,157.230.105.158,24/11/2023,24/11/2023
IP address,Kinsing scanner,167.248.133.52,24/11/2023,24/11/2023
IP address,Kinsing scanner,185.180.140.6,24/11/2023,24/11/2023
IP address,Kinsing scanner,71.6.199.23,24/11/2023,01/12/2023
IP address,Kinsing scanner,172.105.128.11,24/11/2023,30/11/2023
IP address,Kinsing scanner,5.196.102.71,23/11/2023,23/11/2023
IP address,Kinsing scanner,68.183.237.114,23/11/2023,23/11/2023
IP address,Kinsing scanner,46.246.8.74,23/11/2023,23/11/2023
IP address,Kinsing scanner,package_analysis,23/11/2023,29/11/2023
IP address,Kinsing scanner,162.216.149.41,22/11/2023,22/11/2023
IP address,Kinsing scanner,162.142.125.221,22/11/2023,22/11/2023
IP address,Kinsing scanner,64.62.197.187,22/11/2023,22/11/2023
IP address,Kinsing scanner,198.199.116.48,22/11/2023,22/11/2023
IP address,Kinsing scanner,198.235.24.145,22/11/2023,22/11/2023
IP address,Kinsing scanner,205.210.31.32,21/11/2023,21/11/2023
IP address,Kinsing scanner,205.210.31.19,21/11/2023,21/11/2023
IP address,Kinsing scanner,147.182.218.233,21/11/2023,21/11/2023
IP address,Kinsing scanner,198.199.108.33,21/11/2023,21/11/2023
IP address,Kinsing scanner,107.170.231.10,21/11/2023,21/11/2023
IP address,Kinsing scanner,3.84.115.147,21/11/2023,21/11/2023
IP address,Kinsing scanner,69.164.217.245,21/11/2023,21/11/2023
IP address,Kinsing scanner,15.160.240.161,21/11/2023,21/11/2023
IP address,Kinsing scanner,64.62.197.47,21/11/2023,21/11/2023
IP address,Kinsing scanner,162.216.150.74,21/11/2023,21/11/2023
IP address,Kinsing scanner,205.210.31.21,21/11/2023,21/11/2023
IP address,Kinsing scanner,152.89.255.21,20/11/2023,18/12/2023
IP address,Kinsing scanner,192.241.236.14,20/11/2023,20/11/2023
IP address,Kinsing scanner,167.71.217.57,20/11/2023,20/11/2023
IP address,Kinsing scanner,104.152.52.240,20/11/2023,20/11/2023
IP address,Kinsing scanner,167.94.146.55,19/11/2023,19/11/2023
IP address,Kinsing scanner,205.210.31.145,19/11/2023,19/11/2023
IP address,Kinsing scanner,66.240.205.34,19/11/2023,19/11/2023
IP address,Kinsing scanner,198.235.24.75,19/11/2023,19/11/2023
IP address,Kinsing scanner,95.214.235.169,18/11/2023,18/11/2023
IP address,Kinsing scanner,205.210.31.128,18/11/2023,18/11/2023
IP address,Kinsing scanner,192.9.137.115,18/11/2023,18/11/2023
IP address,Kinsing scanner,101.32.192.203,18/11/2023,26/11/2023
IP address,Kinsing scanner,192.241.197.50,18/11/2023,18/11/2023
IP address,Kinsing scanner,35.203.210.175,18/11/2023,18/11/2023
IP address,Kinsing scanner,207.90.244.2,17/11/2023,17/11/2023
IP address,Kinsing scanner,64.62.197.76,17/11/2023,17/11/2023
IP address,Kinsing scanner,64.62.197.169,17/11/2023,17/11/2023
IP address,Kinsing scanner,112.185.23.241,16/11/2023,16/11/2023
IP address,Kinsing scanner,107.151.182.54,16/11/2023,16/11/2023
IP address,Kinsing scanner,185.195.233.191,16/11/2023,16/11/2023
IP address,Kinsing scanner,220.134.100.75,16/11/2023,16/11/2023
IP address,Kinsing scanner,192.155.90.118,16/11/2023,03/12/2023
IP address,Kinsing scanner,87.236.176.89,16/11/2023,16/11/2023
IP address,Kinsing scanner,198.199.96.8,16/11/2023,16/11/2023
IP address,Kinsing scanner,39.106.11.231,16/11/2023,16/11/2023
IP address,Kinsing scanner,185.47.172.129,15/11/2023,15/11/2023
IP address,Kinsing scanner,198.199.100.133,15/11/2023,15/11/2023
IP address,Kinsing scanner,180.149.125.173,15/11/2023,15/11/2023
IP address,Kinsing scanner,91.92.253.16,15/11/2023,15/11/2023
IP address,Kinsing scanner,205.210.31.48,15/11/2023,15/11/2023
IP address,Kinsing scanner,167.94.138.125,15/11/2023,15/11/2023
IP address,Kinsing scanner,18.234.164.96,15/11/2023,15/11/2023
IP address,Kinsing scanner,198.235.24.161,14/11/2023,14/11/2023
IP address,Kinsing scanner,167.172.219.157,14/11/2023,15/11/2023
IP address,Kinsing scanner,92.63.196.76,14/11/2023,14/11/2023
IP address,Kinsing scanner,91.92.241.30,14/11/2023,14/11/2023
IP address,Kinsing scanner,192.241.212.30,14/11/2023,14/11/2023
IP address,Kinsing scanner,91.92.250.228,14/11/2023,14/11/2023
IP address,Kinsing scanner,205.210.31.68,14/11/2023,14/11/2023
IP address,Kinsing scanner,35.203.210.218,12/11/2023,12/11/2023
IP address,Kinsing scanner,79.137.205.100,11/11/2023,11/11/2023
IP address,Kinsing scanner,198.235.24.225,11/11/2023,11/11/2023
IP address,Kinsing scanner,109.92.232.94,11/11/2023,11/11/2023
IP address,Kinsing scanner,37.187.215.254,10/11/2023,10/11/2023
IP address,Kinsing scanner,31.192.235.105,10/11/2023,10/11/2023
IP address,Kinsing scanner,39.50.168.181,10/11/2023,10/11/2023
IP address,Kinsing scanner,91.92.253.13,09/11/2023,09/11/2023
IP address,Kinsing scanner,198.235.24.17,09/11/2023,09/11/2023
IP address,Kinsing scanner,170.106.115.55,08/11/2023,08/11/2023
IP address,Kinsing scanner,207.90.244.6,07/11/2023,09/11/2023
IP address,Kinsing scanner,205.210.31.107,07/11/2023,07/11/2023
IP address,Kinsing scanner,172.104.218.173,07/11/2023,07/11/2023
IP address,Kinsing scanner,35.203.210.152,05/11/2023,05/11/2023
IP address,Kinsing scanner,184.105.247.196,01/11/2023,01/11/2023
IP address,Kinsing scanner,78.153.140.30,01/11/2023,30/01/2024
IP address,Kinsing scanner,159.65.242.55,31/10/2023,31/10/2023
IP address,Kinsing scanner,31.172.80.202,31/10/2023,31/10/2023
IP address,Kinsing scanner,109.237.97.180,31/10/2023,31/10/2023
IP address,Kinsing scanner,45.82.13.70,31/10/2023,31/10/2023
IP address,Kinsing scanner,216.218.206.67,31/10/2023,31/10/2023
IP address,Kinsing scanner,45.79.181.104,31/10/2023,16/12/2023
IP address,Kinsing scanner,167.248.133.34,31/10/2023,31/10/2023
IP address,Kinsing scanner,192.241.228.40,30/10/2023,30/10/2023
IP address,Kinsing scanner,67.217.57.54,30/10/2023,01/11/2023
IP address,Kinsing scanner,23.92.18.138,29/10/2023,29/10/2023
IP address,Kinsing scanner,198.235.24.159,29/10/2023,29/10/2023
IP address,Kinsing scanner,104.192.0.50,29/10/2023,29/10/2023
IP address,Kinsing scanner,129.146.76.129,28/10/2023,28/10/2023
IP address,Kinsing scanner,43.154.141.71,28/10/2023,30/10/2023
IP address,Kinsing scanner,213.134.170.152,27/10/2023,27/10/2023
IP address,Kinsing scanner,159.89.182.218,19/10/2023,19/10/2023
IP address,Kinsing scanner,185.159.163.90,19/10/2023,19/10/2023
IP address,Kinsing scanner,167.94.138.36,19/10/2023,14/12/2023
IP address,Kinsing scanner,64.62.197.131,19/10/2023,19/10/2023
IP address,Kinsing scanner,170.106.115.151,18/10/2023,18/10/2023
IP address,Kinsing scanner,35.93.155.80,18/10/2023,18/10/2023
IP address,Kinsing scanner,65.49.1.83,18/10/2023,18/10/2023
IP address,Kinsing scanner,167.94.145.54,18/10/2023,18/10/2023
IP address,Kinsing scanner,162.216.150.46,18/10/2023,18/10/2023
IP address,Kinsing scanner,135.125.244.48,17/10/2023,22/11/2023
IP address,Kinsing scanner,165.22.47.52,17/10/2023,17/10/2023
IP address,Kinsing scanner,173.214.166.170,17/10/2023,17/10/2023
IP address,Kinsing scanner,64.227.30.93,17/10/2023,18/10/2023
IP address,Kinsing scanner,162.216.149.210,16/10/2023,16/10/2023
IP address,Kinsing scanner,54.243.246.120,16/10/2023,16/10/2023
IP address,Kinsing scanner,181.214.147.132,16/10/2023,16/10/2023
IP address,Kinsing scanner,192.241.221.29,15/10/2023,15/10/2023
IP address,Kinsing scanner,20.118.130.246,15/10/2023,15/10/2023
IP address,Kinsing scanner,198.235.24.139,15/10/2023,09/12/2023
IP address,Kinsing scanner,172.104.11.51,14/10/2023,14/10/2023
IP address,Kinsing scanner,43.155.118.219,14/10/2023,19/10/2023
IP address,Kinsing scanner,205.210.31.224,14/10/2023,14/10/2023
IP address,Kinsing scanner,183.136.225.29,13/10/2023,13/10/2023
IP address,Kinsing scanner,46.101.88.175,13/10/2023,13/10/2023
IP address,Kinsing scanner,186.219.231.140,13/10/2023,14/10/2023
IP address,Kinsing scanner,198.235.24.143,12/10/2023,18/10/2023
IP address,Kinsing scanner,162.216.149.8,11/10/2023,11/10/2023
IP address,Kinsing scanner,205.210.31.12,11/10/2023,11/10/2023
IP address,Kinsing scanner,185.224.128.17,10/10/2023,10/10/2023
IP address,Kinsing scanner,205.210.31.255,10/10/2023,10/10/2023
IP address,Kinsing scanner,206.125.45.117,09/10/2023,09/10/2023
IP address,Kinsing scanner,108.59.46.44,08/10/2023,08/10/2023
IP address,Kinsing scanner,183.136.225.9,08/10/2023,30/10/2023
IP address,Kinsing scanner,38.110.46.2,08/10/2023,08/10/2023
IP address,Kinsing scanner,113.219.213.168,08/10/2023,08/10/2023
IP address,Kinsing scanner,84.54.50.110,08/10/2023,08/10/2023
IP address,Kinsing scanner,205.210.31.25,08/10/2023,08/10/2023
IP address,Kinsing scanner,167.94.145.51,08/10/2023,08/10/2023
IP address,Kinsing scanner,205.210.31.8,08/10/2023,08/10/2023
IP address,Kinsing scanner,18.143.190.243,07/10/2023,07/10/2023
IP address,Kinsing scanner,198.199.117.57,07/10/2023,07/10/2023
IP address,Kinsing scanner,54.167.61.61,07/10/2023,07/10/2023
IP address,Kinsing scanner,18.144.147.112,07/10/2023,07/10/2023
IP address,Kinsing scanner,185.254.196.173,07/10/2023,26/11/2023
IP address,Kinsing scanner,205.210.31.40,07/10/2023,07/10/2023
IP address,Kinsing scanner,192.241.239.36,07/10/2023,07/10/2023
IP address,Kinsing scanner,162.216.150.148,07/10/2023,07/10/2023
IP address,Kinsing scanner,80.82.77.33,06/10/2023,06/10/2023
IP address,Kinsing scanner,79.124.58.198,06/10/2023,06/10/2023
IP address,Kinsing scanner,193.35.18.187,06/10/2023,06/10/2023
IP address,Kinsing scanner,198.235.24.133,06/10/2023,06/10/2023
IP address,Kinsing scanner,162.142.125.222,06/10/2023,27/10/2023
IP address,Kinsing scanner,94.228.169.70,06/10/2023,06/10/2023
IP address,Kinsing scanner,213.219.39.39,06/10/2023,06/10/2023
IP address,Kinsing scanner,84.239.14.179,06/10/2023,06/10/2023
IP address,Kinsing scanner,188.136.233.182,05/10/2023,05/10/2023
IP address,Kinsing scanner,87.236.176.196,05/10/2023,05/10/2023
IP address,Kinsing scanner,54.154.19.130,05/10/2023,05/10/2023
IP address,Kinsing scanner,185.180.143.188,05/10/2023,05/10/2023
IP address,Kinsing scanner,35.216.133.80,05/10/2023,05/10/2023
IP address,Kinsing scanner,198.235.24.114,05/10/2023,05/10/2023
IP address,Kinsing scanner,184.105.139.67,04/10/2023,04/10/2023
IP address,Kinsing scanner,198.235.24.246,04/10/2023,04/10/2023
IP address,Kinsing scanner,65.49.1.74,04/10/2023,04/10/2023
IP address,Kinsing scanner,185.254.196.186,04/10/2023,25/11/2023
IP address,Kinsing scanner,162.216.149.196,04/10/2023,21/11/2023
IP address,Kinsing scanner,184.105.139.70,04/10/2023,04/10/2023
IP address,Kinsing scanner,165.232.155.61,04/10/2023,04/10/2023
IP address,Kinsing scanner,68.183.48.159,04/10/2023,04/10/2023
IP address,Kinsing scanner,135.125.246.189,03/10/2023,19/10/2023
IP address,Kinsing scanner,43.154.8.109,03/10/2023,08/10/2023
IP address,Kinsing scanner,185.216.71.45,03/10/2023,03/10/2023
IP address,Kinsing scanner,45.79.181.94,03/10/2023,03/10/2023
IP address,Kinsing scanner,92.118.112.95,03/10/2023,03/10/2023
IP address,Kinsing scanner,172.190.112.42,03/10/2023,03/10/2023
IP address,Kinsing scanner,62.210.107.121,03/10/2023,03/10/2023
IP address,Kinsing scanner,205.210.31.43,01/10/2023,01/10/2023
IP address,Kinsing scanner,87.236.176.81,01/10/2023,01/10/2023
IP address,Kinsing scanner,207.90.244.3,30/09/2023,19/11/2023
IP address,Kinsing scanner,198.199.98.79,30/09/2023,04/10/2023
IP address,Kinsing scanner,205.210.31.232,30/09/2023,30/09/2023
IP address,Kinsing scanner,192.241.235.23,29/09/2023,29/09/2023
IP address,Kinsing scanner,167.94.138.49,29/09/2023,10/12/2023
IP address,Kinsing scanner,87.236.176.242,27/09/2023,27/09/2023
IP address,Kinsing scanner,23.251.102.74,26/09/2023,26/09/2023
IP address,Kinsing scanner,104.152.52.96,26/09/2023,26/09/2023
IP address,Kinsing scanner,184.105.247.254,23/09/2023,01/12/2023
IP address,Kinsing scanner,162.142.125.11,23/09/2023,23/09/2023
IP address,Kinsing scanner,172.104.210.105,23/09/2023,23/09/2023
IP address,Kinsing scanner,165.154.36.107,22/09/2023,22/09/2023
IP address,Kinsing scanner,192.241.227.47,22/09/2023,22/09/2023
IP address,Kinsing scanner,211.95.50.7,22/09/2023,22/09/2023
IP address,Kinsing scanner,162.216.149.203,22/09/2023,22/09/2023
IP address,Kinsing scanner,198.235.24.58,22/09/2023,22/09/2023
IP address,Kinsing scanner,89.248.165.65,21/09/2023,21/09/2023
IP address,Kinsing scanner,35.203.210.146,21/09/2023,21/09/2023
IP address,Kinsing scanner,134.209.0.77,21/09/2023,21/09/2023
IP address,Kinsing scanner,45.93.201.57,21/09/2023,21/09/2023
IP address,Kinsing scanner,35.203.210.6,20/09/2023,20/09/2023
IP address,Kinsing scanner,167.94.138.51,20/09/2023,20/09/2023
IP address,Kinsing scanner,64.62.197.29,20/09/2023,20/09/2023
IP address,Kinsing scanner,185.195.233.190,20/09/2023,20/09/2023
IP address,Kinsing scanner,45.83.66.170,19/09/2023,19/09/2023
IP address,Kinsing scanner,35.240.121.17,18/09/2023,16/12/2023
IP address,Kinsing scanner,92.118.39.40,18/09/2023,18/09/2023
IP address,Kinsing scanner,45.79.181.179,18/09/2023,18/09/2023
IP address,Kinsing scanner,205.210.31.60,18/09/2023,18/09/2023
IP address,Kinsing scanner,64.62.197.221,18/09/2023,18/09/2023
IP address,Kinsing scanner,162.216.149.230,17/09/2023,17/09/2023
IP address,Kinsing scanner,35.187.98.121,17/09/2023,21/11/2023
IP address,Kinsing scanner,198.199.119.8,17/09/2023,17/09/2023
IP address,Kinsing scanner,205.210.31.6,16/09/2023,16/09/2023
IP address,Kinsing scanner,61.152.154.36,16/09/2023,16/09/2023
IP address,Kinsing scanner,64.62.197.179,15/09/2023,15/09/2023
IP address,Kinsing scanner,192.241.232.15,14/09/2023,14/09/2023
IP address,Kinsing scanner,159.65.120.34,14/09/2023,14/09/2023
IP address,Kinsing scanner,213.226.123.98,13/09/2023,13/09/2023
IP address,Kinsing scanner,205.210.31.176,13/09/2023,13/09/2023
IP address,Kinsing scanner,34.140.130.61,13/09/2023,16/09/2023
IP address,Kinsing scanner,104.199.31.214,13/09/2023,21/11/2023
IP address,Kinsing scanner,162.142.125.14,13/09/2023,13/09/2023
IP address,Kinsing scanner,198.199.112.83,12/09/2023,12/09/2023
IP address,Kinsing scanner,45.33.68.226,12/09/2023,12/09/2023
IP address,Kinsing scanner,109.235.58.240,11/09/2023,11/09/2023
IP address,Kinsing scanner,170.130.204.66,10/09/2023,10/09/2023
IP address,Kinsing scanner,185.233.19.176,10/09/2023,10/09/2023
IP address,Kinsing scanner,134.209.195.83,09/09/2023,09/09/2023
IP address,Kinsing scanner,167.94.138.33,09/09/2023,09/09/2023
IP address,Kinsing scanner,162.142.125.213,08/09/2023,08/09/2023
IP address,Kinsing scanner,205.210.31.157,08/09/2023,08/09/2023
IP address,Kinsing scanner,205.210.31.160,08/09/2023,08/09/2023
IP address,Kinsing scanner,137.184.74.35,07/09/2023,07/09/2023
IP address,Kinsing scanner,45.43.33.218,06/09/2023,06/09/2023
IP address,Kinsing scanner,45.56.108.128,06/09/2023,16/10/2023
IP address,Kinsing scanner,205.210.31.108,05/09/2023,05/09/2023
IP address,Kinsing scanner,198.235.24.196,05/09/2023,05/09/2023
IP address,Kinsing scanner,162.142.125.12,05/09/2023,05/09/2023
IP address,Kinsing scanner,167.248.133.191,04/09/2023,04/09/2023
IP address,Kinsing scanner,95.239.54.18,04/09/2023,04/09/2023
IP address,Kinsing scanner,185.181.230.105,04/09/2023,04/09/2023
IP address,Kinsing scanner,78.128.114.162,04/09/2023,04/09/2023
IP address,Kinsing scanner,192.241.217.37,04/09/2023,04/09/2023
IP address,Kinsing scanner,65.49.1.78,04/09/2023,04/09/2023
IP address,Kinsing scanner,92.63.196.75,04/09/2023,04/09/2023
IP address,Kinsing scanner,167.71.79.61,04/09/2023,04/09/2023
IP address,Kinsing scanner,162.142.125.224,04/09/2023,04/09/2023
IP address,Kinsing scanner,198.235.24.18,04/09/2023,07/10/2023
IP address,Kinsing scanner,192.241.197.39,03/09/2023,03/09/2023
IP address,Kinsing scanner,59.19.103.16,31/08/2023,31/08/2023
IP address,Kinsing scanner,198.98.58.175,29/08/2023,29/08/2023
IP address,Kinsing scanner,192.241.224.28,27/08/2023,27/08/2023
IP address,Kinsing scanner,199.195.254.170,25/08/2023,25/08/2023
IP address,Kinsing scanner,205.210.31.82,23/08/2023,23/08/2023
IP address,Kinsing scanner,79.137.196.27,23/08/2023,23/08/2023
IP address,Kinsing scanner,162.243.134.45,22/08/2023,22/08/2023
IP address,Kinsing scanner,71.6.134.232,22/08/2023,22/08/2023
IP address,Kinsing scanner,162.243.138.16,21/08/2023,21/08/2023
IP address,Kinsing scanner,167.248.133.33,21/08/2023,21/08/2023
IP address,Kinsing scanner,167.94.138.127,21/08/2023,21/08/2023
IP address,Kinsing scanner,47.236.9.11,21/08/2023,21/08/2023
IP address,Kinsing scanner,207.90.244.14,19/08/2023,19/08/2023
IP address,Kinsing scanner,45.147.250.233,19/08/2023,19/08/2023
IP address,Kinsing scanner,45.128.232.183,19/08/2023,19/08/2023
IP address,Kinsing scanner,207.90.244.5,19/08/2023,20/11/2023
IP address,Kinsing scanner,5.35.101.62,17/08/2023,19/08/2023
IP address,Kinsing scanner,216.218.206.66,17/08/2023,17/08/2023
IP address,Kinsing scanner,192.119.61.200,16/08/2023,16/08/2023
IP address,Kinsing scanner,207.90.244.12,16/08/2023,16/08/2023
IP address,Kinsing scanner,35.203.210.238,16/08/2023,16/08/2023
IP address,Kinsing scanner,45.15.158.124,15/08/2023,16/08/2023
IP address,Kinsing scanner,139.59.91.43,14/08/2023,14/08/2023
IP address,Kinsing scanner,92.118.39.248,14/08/2023,19/08/2023
IP address,Kinsing scanner,65.21.151.9,14/08/2023,14/08/2023
IP address,Kinsing scanner,207.180.197.101,14/08/2023,14/08/2023
IP address,Kinsing scanner,34.78.249.41,13/08/2023,19/10/2023
IP address,Kinsing scanner,146.190.57.24,12/08/2023,12/08/2023
IP address,Kinsing scanner,162.142.125.215,12/08/2023,12/08/2023
IP address,Kinsing scanner,78.108.177.54,12/08/2023,11/12/2023
IP address,Kinsing scanner,95.213.224.21,11/08/2023,11/08/2023
IP address,Kinsing scanner,146.190.138.191,10/08/2023,10/08/2023
IP address,Kinsing scanner,36.99.136.129,09/08/2023,09/08/2023
IP address,Kinsing scanner,39.100.76.115,09/08/2023,09/08/2023
IP address,Kinsing scanner,35.203.210.143,09/08/2023,10/11/2023
IP address,Kinsing scanner,184.105.139.90,09/08/2023,09/08/2023
IP address,Kinsing scanner,198.199.106.120,08/08/2023,08/08/2023
IP address,Kinsing scanner,172.104.11.4,08/08/2023,09/12/2023
IP address,Kinsing scanner,89.248.165.95,06/08/2023,06/08/2023
IP address,Kinsing scanner,192.241.195.90,06/08/2023,06/08/2023
IP address,Kinsing scanner,205.210.31.161,06/08/2023,06/08/2023
IP address,Kinsing scanner,47.92.97.93,04/08/2023,04/08/2023
IP address,Kinsing scanner,64.62.197.173,04/08/2023,04/08/2023
IP address,Kinsing scanner,198.235.24.238,03/08/2023,03/08/2023
IP address,Kinsing scanner,202.186.54.152,02/08/2023,02/08/2023
IP address,Kinsing scanner,213.109.202.142,01/08/2023,01/08/2023
IP address,Kinsing scanner,209.141.40.248,31/07/2023,26/08/2023
IP address,Kinsing scanner,83.97.73.87,31/07/2023,24/12/2023
IP address,Kinsing scanner,167.248.133.36,30/07/2023,24/09/2023
IP address,Kinsing scanner,152.89.198.113,30/07/2023,30/07/2023
IP address,Kinsing scanner,137.184.190.246,30/07/2023,13/12/2023
IP address,Kinsing scanner,45.156.128.7,29/07/2023,31/07/2023
IP address,Kinsing scanner,205.210.31.36,29/07/2023,29/07/2023
IP address,Kinsing scanner,198.235.24.11,29/07/2023,29/07/2023
IP address,Kinsing scanner,157.230.159.63,28/07/2023,28/07/2023
IP address,Kinsing scanner,209.141.41.25,26/07/2023,26/07/2023
IP address,Kinsing scanner,162.142.125.223,24/07/2023,23/11/2023
IP address,Kinsing scanner,144.126.192.190,24/07/2023,24/07/2023
IP address,Kinsing scanner,50.18.237.86,23/07/2023,23/07/2023
IP address,Kinsing scanner,103.203.58.3,22/07/2023,22/07/2023
IP address,Kinsing scanner,66.240.236.116,17/07/2023,30/11/2023
IP address,Kinsing scanner,135.125.217.54,12/07/2023,26/11/2023
IP address,Kinsing scanner,44.202.204.74,11/07/2023,11/07/2023
IP address,Kinsing scanner,121.66.188.25,11/07/2023,11/07/2023
IP address,Kinsing scanner,219.73.110.188,11/07/2023,11/07/2023
IP address,Kinsing scanner,71.6.134.235,10/07/2023,10/07/2023
IP address,Kinsing scanner,185.220.103.4,09/07/2023,09/07/2023
IP address,Kinsing scanner,109.205.213.30,08/07/2023,08/07/2023
IP address,Kinsing scanner,213.109.202.66,08/07/2023,27/07/2023
IP address,Kinsing scanner,45.61.186.239,07/07/2023,08/07/2023
IP address,Kinsing scanner,162.216.150.241,06/07/2023,06/07/2023
IP address,Kinsing scanner,118.123.105.90,02/07/2023,02/07/2023
IP address,Kinsing scanner,59.92.171.218,01/07/2023,01/07/2023
IP address,Kinsing scanner,45.61.186.68,30/06/2023,30/06/2023
IP address,Kinsing scanner,64.62.197.137,18/06/2023,18/06/2023
IP address,Kinsing scanner,107.170.243.17,12/06/2023,12/06/2023
IP address,Kinsing scanner,192.241.231.32,11/06/2023,11/06/2023
IP address,Kinsing scanner,134.209.42.154,11/06/2023,11/06/2023
IP address,Kinsing scanner,172.104.11.34,10/06/2023,10/06/2023
IP address,Kinsing scanner,54.219.88.151,10/06/2023,10/06/2023
IP address,Kinsing scanner,152.89.254.25,10/06/2023,10/11/2023
IP address,Kinsing scanner,198.199.98.123,09/06/2023,09/06/2023
IP address,Kinsing scanner,198.235.24.222,06/06/2023,06/06/2023
IP address,Kinsing scanner,90.151.171.108,04/06/2023,04/06/2023
IP address,Kinsing scanner,137.184.95.216,04/06/2023,04/06/2023
IP address,Kinsing scanner,83.97.73.89,04/06/2023,06/07/2023
IP address,Kinsing scanner,162.243.128.16,03/06/2023,03/06/2023
IP address,Kinsing scanner,95.214.55.244,02/06/2023,02/06/2023
IP address,Kinsing scanner,162.216.149.161,14/05/2023,14/05/2023
IP address,Kinsing scanner,162.243.134.9,14/05/2023,14/05/2023
IP address,Kinsing scanner,92.255.85.152,14/05/2023,14/05/2023
IP address,Kinsing scanner,162.216.150.176,12/05/2023,12/05/2023
IP address,Kinsing scanner,152.89.196.144,01/05/2023,10/05/2023
IP address,Kinsing scanner,35.168.14.235,30/04/2023,30/04/2023
IP address,Kinsing scanner,198.235.24.206,30/04/2023,30/04/2023
IP address,Kinsing scanner,107.170.227.15,26/04/2023,26/04/2023
IP address,Kinsing scanner,80.66.77.236,26/04/2023,01/05/2023
IP address,Kinsing scanner,152.89.196.222,26/04/2023,26/04/2023
IP address,Kinsing scanner,167.94.146.59,21/04/2023,01/07/2023
IP address,Kinsing scanner,172.105.128.13,21/04/2023,15/11/2023
IP address,Kinsing scanner,41.251.189.208,21/04/2023,21/04/2023
IP address,Kinsing scanner,139.162.84.205,20/04/2023,01/11/2023
IP address,Kinsing scanner,165.227.0.21,19/04/2023,19/04/2023
IP address,Kinsing scanner,194.55.224.203,18/04/2023,18/04/2023
IP address,Kinsing scanner,192.241.219.20,18/04/2023,18/04/2023
IP address,Kinsing scanner,43.154.128.189,17/04/2023,21/04/2023
IP address,Kinsing scanner,147.182.148.31,04/04/2023,04/04/2023
IP address,Kinsing scanner,110.152.76.206,04/04/2023,04/04/2023
IP address,Kinsing scanner,20.196.212.5,04/04/2023,04/04/2023
IP address,Kinsing scanner,178.250.246.144,04/04/2023,04/04/2023
IP address,Kinsing scanner,14.161.33.35,04/04/2023,04/04/2023
IP address,Kinsing scanner,120.86.238.92,04/04/2023,04/04/2023
IP address,Kinsing scanner,128.14.209.250,03/04/2023,03/04/2023
IP address,Kinsing scanner,45.33.80.243,03/04/2023,18/10/2023
IP address,Kinsing scanner,114.236.167.160,02/04/2023,02/04/2023
IP address,Kinsing scanner,165.227.200.228,01/04/2023,01/04/2023
IP address,Kinsing scanner,87.251.64.11,26/03/2023,13/11/2023
IP address,Kinsing scanner,193.142.146.101,26/03/2023,27/03/2023
IP address,Kinsing scanner,58.59.90.50,25/03/2023,25/03/2023
IP address,Kinsing scanner,167.248.133.49,24/03/2023,24/11/2023
IP address,Kinsing scanner,109.237.96.251,24/03/2023,31/10/2023
IP address,Kinsing scanner,152.89.196.54,24/03/2023,17/04/2023
IP address,Kinsing scanner,113.133.176.52,01/03/2023,01/03/2023
IP address,Kinsing scanner,36.110.86.4,28/02/2023,28/02/2023
IP address,Kinsing scanner,113.57.111.119,28/02/2023,28/02/2023
IP address,Kinsing scanner,180.76.113.87,28/02/2023,28/02/2023
IP address,Kinsing scanner,123.30.50.68,27/02/2023,27/02/2023
IP address,Kinsing scanner,120.48.43.167,27/02/2023,27/02/2023
IP address,Kinsing scanner,42.159.81.133,27/02/2023,27/02/2023
IP address,Kinsing scanner,161.97.174.99,27/02/2023,27/02/2023
IP address,Kinsing scanner,159.75.138.147,27/02/2023,27/02/2023
IP address,Kinsing scanner,107.150.98.68,26/02/2023,26/02/2023
IP address,Kinsing scanner,47.107.110.120,26/02/2023,26/02/2023
IP address,Kinsing scanner,198.199.101.103,26/02/2023,26/02/2023
IP address,Kinsing scanner,45.142.104.168,26/02/2023,28/02/2023
IP address,Kinsing scanner,43.143.234.159,26/02/2023,26/02/2023
IP address,Kinsing scanner,71.6.167.124,26/02/2023,12/12/2023
IP address,Kinsing scanner,106.37.72.118,26/02/2023,26/02/2023
IP address,Kinsing scanner,60.174.249.202,26/02/2023,26/02/2023
IP address,Kinsing scanner,183.134.104.171,26/02/2023,26/02/2023
IP address,Kinsing scanner,120.48.123.76,26/02/2023,26/02/2023
IP address,Kinsing scanner,113.125.181.81,26/02/2023,26/02/2023
IP address,Kinsing scanner,35.219.99.27,26/02/2023,26/02/2023
IP address,Kinsing scanner,167.248.133.117,26/02/2023,26/02/2023
IP address,Kinsing scanner,115.236.65.194,26/02/2023,26/02/2023
IP address,Kinsing scanner,80.85.241.15,25/02/2023,25/02/2023
IP address,Kinsing scanner,198.199.116.50,25/02/2023,25/02/2023
IP address,Kinsing scanner,159.203.208.12,25/02/2023,25/02/2023
IP address,Kinsing scanner,222.240.147.226,24/02/2023,27/02/2023
IP address,Kinsing scanner,171.8.63.23,24/02/2023,24/02/2023
IP address,Kinsing scanner,176.98.86.53,14/02/2023,14/02/2023
IP address,Kinsing scanner,211.225.41.55,14/02/2023,14/02/2023
IP address,Kinsing scanner,147.75.44.85,13/02/2023,13/02/2023
IP address,Kinsing scanner,103.177.233.183,13/02/2023,13/02/2023
IP address,Kinsing scanner,120.48.79.88,12/02/2023,12/02/2023
IP address,Kinsing scanner,142.93.105.235,12/02/2023,12/02/2023
IP address,Kinsing scanner,143.244.50.172,11/02/2023,11/02/2023
IP address,Kinsing scanner,192.241.207.16,07/02/2023,07/02/2023
IP address,Kinsing scanner,44.234.58.70,05/02/2023,05/02/2023
IP address,Kinsing scanner,183.193.17.111,04/02/2023,04/02/2023
IP address,Kinsing scanner,173.255.228.29,04/02/2023,04/02/2023
IP address,Kinsing scanner,167.248.133.62,04/02/2023,04/02/2023
IP address,Kinsing scanner,104.152.52.110,03/02/2023,03/02/2023
IP address,Kinsing scanner,143.110.250.43,03/02/2023,03/02/2023
IP address,Kinsing scanner,71.66.22.54,03/02/2023,03/02/2023
IP address,Kinsing scanner,194.165.16.73,03/02/2023,03/02/2023
IP address,Kinsing scanner,66.240.236.109,03/02/2023,03/02/2023
IP address,Kinsing scanner,43.246.208.2,02/02/2023,02/02/2023
IP address,Kinsing scanner,71.6.146.186,02/02/2023,03/12/2023
IP address,Kinsing scanner,45.33.68.115,01/02/2023,01/02/2023
IP address,Kinsing scanner,46.174.191.28,31/01/2023,31/01/2023
IP address,Kinsing scanner,139.59.93.44,31/01/2023,31/01/2023
IP address,Kinsing scanner,45.83.64.157,30/01/2023,30/01/2023
IP address,Kinsing scanner,205.210.31.29,30/01/2023,30/01/2023
IP address,Kinsing scanner,216.218.206.119,30/01/2023,30/01/2023
IP address,Kinsing scanner,107.170.226.17,29/01/2023,29/01/2023
IP address,Kinsing scanner,82.157.238.78,29/01/2023,29/01/2023
IP address,Kinsing scanner,125.44.12.2,29/01/2023,29/01/2023
IP address,Kinsing scanner,52.131.79.105,29/01/2023,29/01/2023
IP address,Kinsing scanner,180.76.141.243,29/01/2023,29/01/2023
IP address,Kinsing scanner,184.105.247.195,29/01/2023,29/01/2023
IP address,Kinsing scanner,150.230.233.6,29/01/2023,29/01/2023
IP address,Kinsing scanner,180.76.172.99,29/01/2023,29/01/2023
IP address,Kinsing scanner,14.104.136.132,29/01/2023,29/01/2023
IP address,Kinsing scanner,94.102.61.53,29/01/2023,29/01/2023
IP address,Kinsing scanner,162.243.140.31,28/01/2023,28/01/2023
IP address,Kinsing scanner,59.110.229.119,28/01/2023,28/01/2023
IP address,Kinsing scanner,120.233.126.7,28/01/2023,28/01/2023
IP address,Kinsing scanner,54.37.153.216,28/01/2023,28/01/2023
IP address,Kinsing scanner,64.62.197.12,28/01/2023,28/01/2023
IP address,Kinsing scanner,90.194.49.202,28/01/2023,28/01/2023
IP address,Kinsing scanner,162.243.144.20,28/01/2023,28/01/2023
IP address,Kinsing scanner,205.210.31.146,28/01/2023,28/01/2023
IP address,Kinsing scanner,43.138.64.224,28/01/2023,28/01/2023
IP address,Kinsing scanner,175.103.36.235,27/01/2023,27/01/2023
IP address,Kinsing scanner,114.34.141.195,27/01/2023,27/01/2023
IP address,Kinsing scanner,107.170.234.20,27/01/2023,27/01/2023
IP address,Kinsing scanner,162.243.147.14,27/01/2023,27/01/2023
IP address,Kinsing scanner,205.210.31.41,27/01/2023,28/01/2023
IP address,Kinsing scanner,167.248.133.60,27/01/2023,27/02/2023
IP address,Kinsing scanner,87.236.176.132,26/01/2023,26/01/2023
IP address,Kinsing scanner,185.180.143.138,26/01/2023,26/01/2023
IP address,Kinsing scanner,23.239.8.126,25/01/2023,25/01/2023
IP address,Kinsing scanner,71.6.146.185,25/01/2023,02/02/2023
IP address,Kinsing scanner,66.240.219.146,25/01/2023,25/01/2023
IP address,Kinsing scanner,180.149.125.159,24/01/2023,24/01/2023
IP address,Kinsing scanner,134.209.88.211,23/01/2023,23/01/2023
IP address,Kinsing scanner,94.102.61.45,22/01/2023,31/01/2023
IP address,Kinsing scanner,120.55.164.59,21/01/2023,21/01/2023
IP address,Kinsing scanner,183.248.88.3,21/01/2023,21/01/2023
IP address,Kinsing scanner,64.62.197.152,21/01/2023,21/01/2023
IP address,Kinsing scanner,71.6.167.142,21/01/2023,26/02/2023
IP address,Kinsing scanner,162.243.150.11,21/01/2023,21/01/2023
IP address,Kinsing scanner,198.235.24.23,21/01/2023,17/09/2023
IP address,Kinsing scanner,120.48.11.7,21/01/2023,21/01/2023
IP address,Kinsing scanner,106.12.151.130,21/01/2023,21/01/2023
IP address,Kinsing scanner,192.241.213.74,21/01/2023,21/01/2023
IP address,Kinsing scanner,128.199.132.209,20/01/2023,20/01/2023
IP address,Kinsing scanner,114.34.49.145,20/01/2023,20/01/2023
IP address,Kinsing scanner,64.62.197.235,20/01/2023,20/01/2023
IP address,Kinsing scanner,114.67.126.221,20/01/2023,28/01/2023
IP address,Kinsing scanner,94.102.61.4,20/01/2023,06/12/2023
IP address,Kinsing scanner,41.253.96.57,20/01/2023,20/01/2023
IP address,Kinsing scanner,46.101.2.35,20/01/2023,20/01/2023
IP address,Kinsing scanner,116.153.70.160,20/01/2023,20/01/2023
IP address,Kinsing scanner,45.9.110.186,19/01/2023,21/01/2023
IP address,Kinsing scanner,54.235.83.139,19/01/2023,19/01/2023
IP address,Kinsing scanner,106.52.198.184,19/01/2023,19/01/2023
IP address,Kinsing scanner,18.246.14.134,19/01/2023,19/01/2023
IP address,Kinsing scanner,107.170.248.11,19/01/2023,19/01/2023
IP address,Kinsing scanner,167.248.133.63,19/01/2023,19/01/2023
IP address,Kinsing scanner,117.33.249.72,19/01/2023,19/01/2023
IP address,Kinsing scanner,114.154.185.204,19/01/2023,19/01/2023
IP address,Kinsing scanner,180.76.97.62,18/01/2023,18/01/2023
IP address,Kinsing scanner,205.210.31.39,18/01/2023,18/01/2023
IP address,Kinsing scanner,125.124.79.178,18/01/2023,18/01/2023
IP address,Kinsing scanner,27.115.124.38,18/01/2023,18/01/2023
IP address,Kinsing scanner,221.156.74.184,18/01/2023,18/01/2023
IP address,Kinsing scanner,103.90.155.61,17/01/2023,17/01/2023
IP address,Kinsing scanner,121.150.43.162,17/01/2023,17/01/2023
IP address,Kinsing scanner,193.35.18.107,17/01/2023,17/01/2023
IP address,Kinsing scanner,159.203.224.12,17/01/2023,17/01/2023
IP address,Kinsing scanner,125.91.108.8,16/01/2023,16/01/2023
IP address,Kinsing scanner,205.210.31.20,16/01/2023,16/01/2023
IP address,Kinsing scanner,137.184.190.205,16/01/2023,06/09/2023
IP address,Kinsing scanner,101.43.65.95,16/01/2023,16/01/2023
IP address,Kinsing scanner,64.62.197.68,16/01/2023,16/01/2023
IP address,Kinsing scanner,134.209.247.137,16/01/2023,16/01/2023
IP address,Kinsing scanner,124.123.189.205,16/01/2023,16/01/2023
IP address,Kinsing scanner,218.244.143.98,16/01/2023,25/02/2023
IP address,Kinsing scanner,118.193.106.155,16/01/2023,16/01/2023
IP address,Kinsing scanner,5.188.210.227,16/01/2023,21/01/2023
IP address,Kinsing scanner,43.138.10.224,16/01/2023,16/01/2023
IP address,Kinsing scanner,106.39.231.119,16/01/2023,16/01/2023
IP address,Kinsing scanner,114.132.63.89,16/01/2023,16/01/2023
IP address,Kinsing scanner,198.235.24.168,15/01/2023,15/01/2023
IP address,Kinsing scanner,167.248.133.45,15/01/2023,15/01/2023
IP address,Kinsing scanner,172.105.82.111,15/01/2023,15/01/2023
IP address,Kinsing scanner,125.143.207.94,15/01/2023,15/01/2023
IP address,Kinsing scanner,101.33.214.97,15/01/2023,15/01/2023
IP address,Kinsing scanner,39.97.229.89,15/01/2023,15/01/2023
IP address,Kinsing scanner,80.98.184.172,15/01/2023,15/01/2023
IP address,Kinsing scanner,117.50.180.100,15/01/2023,15/01/2023
IP address,Kinsing scanner,221.238.174.164,15/01/2023,15/01/2023
IP address,Kinsing scanner,18.130.112.220,15/01/2023,15/01/2023
IP address,Kinsing scanner,37.183.119.17,15/01/2023,15/01/2023
IP address,Kinsing scanner,120.48.46.64,15/01/2023,15/01/2023
IP address,Kinsing scanner,54.212.184.101,14/01/2023,14/01/2023
IP address,Kinsing scanner,87.236.176.75,14/01/2023,14/01/2023
IP address,Kinsing scanner,87.236.176.29,14/01/2023,14/01/2023
IP address,Kinsing scanner,49.213.189.117,14/01/2023,14/01/2023
IP address,Kinsing scanner,45.33.102.90,14/01/2023,14/01/2023
IP address,Kinsing scanner,180.76.140.223,14/01/2023,14/01/2023
IP address,Kinsing scanner,198.98.62.186,14/01/2023,14/01/2023
IP address,Kinsing scanner,193.118.53.194,14/01/2023,14/01/2023
IP address,Kinsing scanner,1.116.158.43,13/01/2023,13/01/2023
IP address,Kinsing scanner,115.31.160.139,13/01/2023,13/01/2023
IP address,Kinsing scanner,195.133.61.217,13/01/2023,19/01/2023
IP address,Kinsing scanner,101.36.139.1,13/01/2023,13/01/2023
IP address,Kinsing scanner,120.48.65.245,12/01/2023,12/01/2023
IP address,Kinsing scanner,219.137.5.58,12/01/2023,12/01/2023
IP address,Kinsing scanner,20.234.111.129,11/01/2023,11/01/2023
IP address,Kinsing scanner,101.42.15.101,11/01/2023,11/01/2023
IP address,Kinsing scanner,120.48.116.233,08/01/2023,08/01/2023
IP address,Kinsing scanner,120.48.108.107,07/01/2023,07/01/2023
IP address,Kinsing scanner,106.13.7.247,03/01/2023,03/01/2023
IP address,Kinsing scanner,139.224.248.180,03/01/2023,03/01/2023
IP address,Kinsing scanner,61.188.178.169,02/01/2023,02/01/2023
IP address,Kinsing scanner,120.26.223.16,02/01/2023,02/01/2023
IP address,Kinsing scanner,58.229.178.134,02/01/2023,02/01/2023
IP address,Kinsing scanner,47.100.224.120,02/01/2023,02/01/2023
IP address,Kinsing scanner,1.64.134.110,01/01/2023,01/01/2023
IP address,Kinsing scanner,125.124.149.224,01/01/2023,01/01/2023
IP address,Kinsing scanner,117.33.176.99,01/01/2023,01/01/2023
IP address,Kinsing scanner,64.227.90.185,01/01/2023,30/11/2023
IP address,Kinsing scanner,182.42.132.249,30/12/2022,30/12/2022
IP address,Kinsing scanner,1.117.97.166,30/12/2022,30/12/2022
IP address,Kinsing scanner,113.214.31.82,29/12/2022,29/12/2022
IP address,Kinsing scanner,192.241.198.31,28/12/2022,28/12/2022
IP address,Kinsing scanner,125.124.62.187,27/12/2022,27/12/2022
IP address,Kinsing scanner,143.198.225.197,27/12/2022,13/12/2023
IP address,Kinsing scanner,43.205.126.188,25/12/2022,25/12/2022
IP address,Kinsing scanner,106.13.214.134,25/12/2022,25/12/2022
IP address,Kinsing scanner,140.206.186.171,25/12/2022,25/12/2022
IP address,Kinsing scanner,185.246.220.165,25/12/2022,25/12/2022
IP address,Kinsing scanner,118.122.78.144,24/12/2022,24/12/2022
IP address,Kinsing scanner,198.235.24.138,24/12/2022,24/12/2022
IP address,Kinsing scanner,45.142.104.206,24/12/2022,24/12/2022
IP address,Kinsing scanner,180.76.140.118,24/12/2022,24/12/2022
IP address,Kinsing scanner,208.67.106.106,24/12/2022,24/12/2022
IP address,Kinsing scanner,47.99.185.253,24/12/2022,24/12/2022
IP address,Kinsing scanner,120.48.12.182,24/12/2022,24/12/2022
IP address,Kinsing scanner,198.235.24.13,22/12/2022,22/12/2022
IP address,Kinsing scanner,198.199.103.138,22/12/2022,22/12/2022
IP address,Kinsing scanner,27.124.5.12,22/12/2022,22/12/2022
IP address,Kinsing scanner,37.139.1.123,22/12/2022,22/12/2022
IP address,Kinsing scanner,180.76.157.195,22/12/2022,14/01/2023
IP address,Kinsing scanner,185.167.96.138,22/12/2022,22/12/2022
IP address,Kinsing scanner,104.152.52.15,22/12/2022,22/12/2022
IP address,Kinsing scanner,106.12.195.100,22/12/2022,22/12/2022
IP address,Kinsing scanner,192.241.206.81,22/12/2022,22/12/2022
IP address,Kinsing scanner,120.48.84.139,22/12/2022,22/12/2022
IP address,Kinsing scanner,167.99.215.121,22/12/2022,22/12/2022
IP address,Kinsing scanner,46.114.215.188,21/12/2022,21/12/2022
IP address,Kinsing scanner,198.235.24.130,21/12/2022,21/12/2022
IP address,Kinsing scanner,43.129.40.155,21/12/2022,21/12/2022
IP address,Kinsing scanner,185.167.97.191,21/12/2022,21/12/2022
IP address,Kinsing scanner,205.210.31.129,21/12/2022,30/10/2023
IP address,Kinsing scanner,137.184.190.188,20/12/2022,09/12/2023
IP address,Kinsing scanner,137.184.190.194,20/12/2022,11/11/2023
IP address,Kinsing scanner,107.189.5.223,20/12/2022,20/12/2022
IP address,Kinsing scanner,34.78.120.99,20/12/2022,15/11/2023
IP address,Kinsing scanner,180.76.102.72,20/12/2022,20/12/2022
IP address,Kinsing scanner,94.102.61.40,19/12/2022,19/12/2022
IP address,Kinsing scanner,221.4.149.93,19/12/2022,19/12/2022
IP address,Kinsing scanner,36.155.109.220,19/12/2022,19/12/2022
IP address,Kinsing scanner,139.59.121.78,19/12/2022,19/12/2022
IP address,Kinsing scanner,138.197.144.43,19/12/2022,19/12/2022
IP address,Kinsing scanner,92.255.85.183,19/12/2022,19/12/2022
IP address,Kinsing scanner,198.235.24.9,19/12/2022,19/12/2022
IP address,Kinsing scanner,107.191.61.199,19/12/2022,19/12/2022
IP address,Kinsing scanner,138.197.172.8,18/12/2022,18/12/2022
IP address,Kinsing scanner,14.116.204.239,18/12/2022,18/12/2022
IP address,Kinsing scanner,35.195.93.98,18/12/2022,01/12/2023
IP address,Kinsing scanner,34.78.6.216,18/12/2022,21/11/2023
IP address,Kinsing scanner,120.48.46.202,18/12/2022,28/01/2023
IP address,Kinsing scanner,165.227.55.4,18/12/2022,18/09/2023
IP address,Kinsing scanner,27.128.163.191,18/12/2022,27/01/2023
IP address,Kinsing scanner,162.142.125.10,18/12/2022,18/12/2022
IP address,Kinsing scanner,119.96.155.220,18/12/2022,18/12/2022
IP address,Kinsing scanner,92.118.39.29,18/12/2022,24/12/2022
IP address,Kinsing scanner,198.199.95.14,18/12/2022,18/12/2022
IP address,Kinsing scanner,124.40.255.210,18/12/2022,18/12/2022
IP address,Kinsing scanner,223.12.163.9,18/12/2022,18/12/2022
IP address,Kinsing scanner,65.49.20.75,18/12/2022,18/12/2022
IP address,Kinsing scanner,219.143.197.1,17/12/2022,17/12/2022
IP address,Kinsing scanner,91.191.209.202,17/12/2022,17/12/2022
IP address,Kinsing scanner,192.241.200.126,17/12/2022,17/12/2022
IP address,Kinsing scanner,34.77.127.183,17/12/2022,16/10/2023
IP address,Kinsing scanner,192.241.192.196,17/12/2022,17/12/2022
IP address,Kinsing scanner,172.104.11.46,17/12/2022,24/11/2023
IP address,Kinsing scanner,184.105.139.118,17/12/2022,17/12/2022
IP address,Kinsing scanner,79.124.62.106,17/12/2022,17/12/2022
IP address,Kinsing scanner,87.236.176.208,17/12/2022,14/01/2023
IP address,Kinsing scanner,45.83.64.67,17/12/2022,17/12/2022
IP address,Kinsing scanner,103.219.207.42,17/12/2022,17/12/2022
IP address,Kinsing scanner,182.72.175.254,17/12/2022,17/12/2022
IP address,Kinsing scanner,185.73.124.50,17/12/2022,17/12/2022
IP address,Kinsing scanner,223.82.5.247,17/12/2022,17/12/2022
IP address,Kinsing scanner,199.195.253.146,17/12/2022,17/12/2022
IP address,Kinsing scanner,198.235.24.141,17/12/2022,12/10/2023
IP address,Kinsing scanner,142.93.188.216,17/12/2022,02/01/2023
IP address,Kinsing scanner,27.254.137.199,17/12/2022,27/01/2023
IP address,Kinsing scanner,112.85.123.110,17/12/2022,18/12/2022
IP address,Kinsing scanner,180.76.144.53,17/12/2022,17/12/2022
IP address,Kinsing scanner,180.76.161.40,17/12/2022,17/12/2022
IP address,Kinsing scanner,120.48.79.234,16/12/2022,16/12/2022
IP address,Kinsing scanner,220.77.209.247,16/12/2022,16/12/2022
IP address,Kinsing scanner,124.126.97.97,16/12/2022,17/12/2022
IP address,Kinsing scanner,47.96.59.173,16/12/2022,16/12/2022
IP address,Kinsing scanner,120.48.86.143,16/12/2022,16/12/2022
IP address,Kinsing scanner,121.227.153.163,16/12/2022,16/12/2022
IP address,Kinsing scanner,94.102.61.49,16/12/2022,26/12/2022
IP address,Kinsing scanner,111.42.14.21,16/12/2022,01/03/2023
IP address,Kinsing scanner,180.76.121.243,15/12/2022,15/12/2022
IP address,Kinsing scanner,159.223.72.218,15/12/2022,15/12/2022
IP address,Kinsing scanner,104.248.197.121,15/12/2022,15/12/2022
IP address,Kinsing scanner,211.229.138.204,15/12/2022,15/12/2022
IP address,Kinsing scanner,192.241.209.11,15/12/2022,15/12/2022
IP address,Kinsing scanner,198.74.49.170,14/12/2022,14/12/2022
IP address,Kinsing scanner,161.35.136.128,14/12/2022,14/12/2022
IP address,Kinsing scanner,137.184.112.103,12/12/2022,20/12/2022
IP address,Kinsing scanner,171.223.183.126,10/12/2022,18/01/2023
IP address,Kinsing scanner,130.211.54.158,07/12/2022,02/12/2023
IP address,Kinsing scanner,116.196.83.23,07/12/2022,07/12/2022
IP address,Kinsing scanner,43.143.31.67,07/12/2022,07/12/2022
IP address,Kinsing scanner,192.241.212.123,07/12/2022,07/12/2022
IP address,Kinsing scanner,222.73.241.4,06/12/2022,06/12/2022
IP address,Kinsing scanner,192.241.209.114,06/12/2022,06/12/2022
IP address,Kinsing scanner,119.252.143.94,06/12/2022,06/12/2022
IP address,Kinsing scanner,118.114.172.170,05/12/2022,05/12/2022
IP address,Kinsing scanner,87.236.176.160,05/12/2022,05/12/2022
IP address,Kinsing scanner,147.182.198.161,05/12/2022,05/12/2022
IP address,Kinsing scanner,46.174.191.30,05/12/2022,27/01/2023
IP address,Kinsing scanner,111.178.11.23,04/12/2022,04/12/2022
IP address,Kinsing scanner,128.199.13.41,04/12/2022,04/12/2022
IP address,Kinsing scanner,66.240.219.133,04/12/2022,31/10/2023
IP address,Kinsing scanner,104.154.93.89,03/12/2022,03/12/2022
IP address,Kinsing scanner,178.128.93.138,03/12/2022,03/12/2022
IP address,Kinsing scanner,218.76.246.123,03/12/2022,03/12/2022
IP address,Kinsing scanner,198.235.24.142,03/12/2022,03/12/2022
IP address,Kinsing scanner,124.221.175.238,03/12/2022,03/12/2022
IP address,Kinsing scanner,78.108.177.51,03/12/2022,14/08/2023
IP address,Kinsing scanner,205.210.31.148,03/12/2022,03/12/2022
IP address,Kinsing scanner,45.116.167.149,02/12/2022,02/12/2022
IP address,Kinsing scanner,185.224.128.15,02/12/2022,02/12/2022
IP address,Kinsing scanner,117.50.159.225,02/12/2022,02/12/2022
IP address,Kinsing scanner,58.229.178.141,01/12/2022,01/12/2022
IP address,Kinsing scanner,159.65.144.167,01/12/2022,01/12/2022
IP address,Kinsing scanner,64.62.197.167,01/12/2022,21/11/2023
IP address,Kinsing scanner,192.241.195.235,29/11/2022,29/11/2022
IP address,Kinsing scanner,123.57.63.134,29/11/2022,29/11/2022
IP address,Kinsing scanner,135.125.246.110,28/11/2022,25/11/2023
IP address,Kinsing scanner,95.214.235.205,27/11/2022,19/01/2023
IP address,Kinsing scanner,143.110.239.2,27/11/2022,17/11/2023
IP address,Kinsing scanner,46.29.165.195,27/11/2022,27/11/2022
IP address,Kinsing scanner,167.94.138.63,26/11/2022,26/11/2022
IP address,Kinsing scanner,178.79.173.114,26/11/2022,26/11/2022
IP address,Kinsing scanner,183.82.204.250,26/11/2022,26/11/2022
IP address,Kinsing scanner,141.255.166.2,25/11/2022,25/11/2022
IP address,Kinsing scanner,180.94.168.147,25/11/2022,25/11/2022
IP address,Kinsing scanner,184.105.139.92,24/11/2022,24/11/2022
IP address,Kinsing scanner,143.198.68.20,24/11/2022,25/11/2023
IP address,Kinsing scanner,92.118.39.78,23/11/2022,23/11/2022
IP address,Kinsing scanner,74.82.47.35,23/11/2022,23/11/2022
IP address,Kinsing scanner,34.76.96.55,22/11/2022,07/10/2023
IP address,Kinsing scanner,172.105.128.12,22/11/2022,22/11/2022
IP address,Kinsing scanner,66.175.213.4,22/11/2022,03/08/2023
IP address,Kinsing scanner,34.85.197.76,21/11/2022,21/11/2022
IP address,Kinsing scanner,167.248.133.118,21/11/2022,21/11/2022
IP address,Kinsing scanner,65.49.20.126,21/11/2022,21/11/2022
IP address,Kinsing scanner,18.170.221.154,20/11/2022,20/11/2022
IP address,Kinsing scanner,198.235.24.52,20/11/2022,20/11/2022
IP address,Kinsing scanner,34.76.158.233,20/11/2022,20/09/2023
IP address,Kinsing scanner,143.198.238.87,19/11/2022,07/10/2023
IP address,Kinsing scanner,192.241.203.234,19/11/2022,13/12/2022
IP address,Kinsing scanner,182.42.30.83,17/11/2022,17/11/2022
IP address,Kinsing scanner,120.48.25.229,17/11/2022,17/11/2022
IP address,Kinsing scanner,182.86.188.13,16/11/2022,16/11/2022
IP address,Kinsing scanner,167.172.57.180,16/11/2022,16/11/2022
IP address,Kinsing scanner,43.138.69.228,16/11/2022,16/11/2022
IP address,Kinsing scanner,120.48.126.180,16/11/2022,16/11/2022
IP address,Kinsing scanner,121.15.143.46,15/11/2022,15/11/2022
IP address,Kinsing scanner,222.213.236.234,15/11/2022,15/11/2022
IP address,Kinsing scanner,58.153.124.60,15/11/2022,15/11/2022
IP address,Kinsing scanner,121.236.175.145,15/11/2022,15/11/2022
IP address,Kinsing scanner,192.241.207.8,14/11/2022,14/11/2022
IP address,Kinsing scanner,128.199.190.47,14/11/2022,14/11/2022
IP address,Kinsing scanner,27.128.171.38,14/11/2022,18/12/2022
IP address,Kinsing scanner,120.48.36.161,14/11/2022,22/12/2022
IP address,Kinsing scanner,120.46.192.102,14/11/2022,14/11/2022
IP address,Kinsing scanner,121.5.136.238,14/11/2022,26/02/2023
IP address,Kinsing scanner,120.132.109.185,13/11/2022,13/11/2022
IP address,Kinsing scanner,120.48.43.58,13/11/2022,13/11/2022
IP address,Kinsing scanner,46.174.191.31,13/11/2022,13/11/2022
IP address,Kinsing scanner,143.244.142.7,13/11/2022,13/11/2022
IP address,Kinsing scanner,103.116.85.60,13/11/2022,13/11/2022
IP address,Kinsing scanner,39.99.146.218,13/11/2022,13/11/2022
IP address,Kinsing scanner,3.9.180.56,12/11/2022,12/11/2022
IP address,Kinsing scanner,112.30.131.212,12/11/2022,12/11/2022
IP address,Kinsing scanner,3.233.202.142,12/11/2022,12/11/2022
IP address,Kinsing scanner,44.242.172.180,12/11/2022,12/11/2022
IP address,Kinsing scanner,43.143.62.43,12/11/2022,12/11/2022
IP address,Kinsing scanner,42.192.11.76,12/11/2022,12/11/2022
IP address,Kinsing scanner,198.199.93.44,12/11/2022,12/11/2022
IP address,Kinsing scanner,205.185.127.253,12/11/2022,12/11/2022
IP address,Kinsing scanner,192.3.251.140,11/11/2022,11/11/2022
IP address,Kinsing scanner,92.255.85.195,11/11/2022,11/11/2022
IP address,Kinsing scanner,120.48.82.75,11/11/2022,11/11/2022
IP address,Kinsing scanner,59.89.120.209,10/11/2022,10/11/2022
IP address,Kinsing scanner,180.76.116.67,10/11/2022,10/11/2022
IP address,Kinsing scanner,42.192.19.162,09/11/2022,09/11/2022
IP address,Kinsing scanner,124.220.0.33,09/11/2022,09/11/2022
IP address,Kinsing scanner,161.35.161.192,07/11/2022,07/11/2022
IP address,Kinsing scanner,198.235.24.148,06/11/2022,06/11/2022
IP address,Kinsing scanner,183.136.225.42,23/10/2022,23/10/2022
IP address,Kinsing scanner,139.59.236.67,21/10/2022,21/10/2022
IP address,Kinsing scanner,68.183.231.63,21/10/2022,21/10/2022
IP address,Kinsing scanner,87.236.176.161,20/10/2022,20/10/2022
IP address,Kinsing scanner,192.241.219.172,19/10/2022,19/10/2022
IP address,Kinsing scanner,161.189.192.94,19/10/2022,28/12/2022
IP address,Kinsing scanner,8.210.16.247,19/10/2022,19/10/2022
IP address,Kinsing scanner,60.205.149.66,18/10/2022,18/10/2022
IP address,Kinsing scanner,87.236.176.169,18/10/2022,18/10/2022
IP address,Kinsing scanner,124.223.192.127,18/10/2022,18/10/2022
IP address,Kinsing scanner,87.236.176.188,18/10/2022,18/10/2022
IP address,Kinsing scanner,216.218.206.87,18/10/2022,18/10/2022
IP address,Kinsing scanner,198.235.24.164,17/10/2022,17/10/2022
IP address,Kinsing scanner,180.95.231.42,17/10/2022,17/10/2022
IP address,Kinsing scanner,167.94.138.45,17/10/2022,17/12/2022
IP address,Kinsing scanner,180.76.166.144,17/10/2022,17/10/2022
IP address,Kinsing scanner,81.68.80.117,17/10/2022,17/10/2022
IP address,Kinsing scanner,116.196.97.252,17/10/2022,17/10/2022
IP address,Kinsing scanner,159.75.228.214,16/10/2022,16/10/2022
IP address,Kinsing scanner,35.233.62.116,16/10/2022,25/11/2023
IP address,Kinsing scanner,192.241.217.68,16/10/2022,16/10/2022
IP address,Kinsing scanner,194.26.228.174,16/10/2022,16/10/2022
IP address,Kinsing scanner,116.203.237.74,16/10/2022,16/10/2022
IP address,Kinsing scanner,216.218.206.120,16/10/2022,16/10/2022
IP address,Kinsing scanner,175.178.20.75,16/10/2022,16/10/2022
IP address,Kinsing scanner,179.60.147.204,16/10/2022,02/02/2023
IP address,Kinsing scanner,93.42.75.111,16/10/2022,16/10/2022
IP address,Kinsing scanner,40.124.130.24,15/10/2022,15/10/2022
IP address,Kinsing scanner,198.235.24.48,15/10/2022,05/09/2023
IP address,Kinsing scanner,8.210.38.167,15/10/2022,15/10/2022
IP address,Kinsing scanner,192.241.195.28,15/10/2022,15/10/2022
IP address,Kinsing scanner,180.76.231.129,15/10/2022,03/12/2022
IP address,Kinsing scanner,43.139.38.200,15/10/2022,15/10/2022
IP address,Kinsing scanner,205.210.31.141,14/10/2022,14/10/2022
IP address,Kinsing scanner,64.62.197.107,14/10/2022,14/10/2022
IP address,Kinsing scanner,172.105.77.209,14/10/2022,29/09/2023
IP address,Kinsing scanner,68.183.234.79,13/10/2022,13/10/2022
IP address,Kinsing scanner,192.241.218.121,12/10/2022,12/10/2022
IP address,Kinsing scanner,93.174.95.106,12/10/2022,12/10/2022
IP address,Kinsing scanner,1.64.5.15,12/10/2022,12/10/2022
IP address,Kinsing scanner,222.71.209.194,11/10/2022,11/10/2022
IP address,Kinsing scanner,87.236.176.246,11/10/2022,11/10/2022
IP address,Kinsing scanner,205.210.31.42,10/10/2022,10/10/2022
IP address,Kinsing scanner,192.241.218.49,10/10/2022,10/10/2022
IP address,Kinsing scanner,192.241.212.209,09/10/2022,09/10/2022
IP address,Kinsing scanner,20.164.33.173,09/10/2022,09/10/2022
IP address,Kinsing scanner,107.182.129.185,09/10/2022,17/10/2022
IP address,Kinsing scanner,89.248.163.199,08/10/2022,09/10/2022
IP address,Kinsing scanner,223.71.167.166,08/10/2022,08/10/2022
IP address,Kinsing scanner,34.140.248.32,07/10/2022,03/12/2023
IP address,Kinsing scanner,117.187.173.28,07/10/2022,07/10/2022
IP address,Kinsing scanner,46.101.142.203,03/10/2022,03/10/2022
IP address,Kinsing scanner,138.68.146.1,02/10/2022,02/10/2022
IP address,Kinsing scanner,109.206.241.26,01/10/2022,01/10/2022
IP address,Kinsing scanner,178.79.186.199,30/09/2022,30/09/2022
IP address,Kinsing scanner,117.187.173.55,26/09/2022,26/09/2022
IP address,Kinsing scanner,198.235.24.26,21/09/2022,21/09/2022
IP address,Kinsing scanner,198.235.24.29,20/09/2022,09/10/2023
IP address,Kinsing scanner,192.241.206.115,20/09/2022,20/09/2022
IP address,Kinsing scanner,47.97.90.219,20/09/2022,20/09/2022
IP address,Kinsing scanner,106.12.137.11,20/09/2022,20/09/2022
IP address,Kinsing scanner,152.89.196.211,19/09/2022,07/03/2023
IP address,Kinsing scanner,205.210.31.10,31/08/2022,04/09/2023
IP address,Kinsing scanner,142.93.217.185,30/08/2022,30/08/2022
IP address,Kinsing scanner,152.89.196.62,30/08/2022,30/08/2022
IP address,Kinsing scanner,51.136.44.31,18/08/2022,18/08/2022
IP address,Kinsing scanner,185.7.214.117,16/08/2022,23/08/2022
IP address,Kinsing scanner,165.232.136.193,16/08/2022,16/08/2022
IP address,Kinsing scanner,142.93.198.175,15/08/2022,15/08/2022
IP address,Kinsing scanner,182.61.38.190,15/08/2022,15/08/2022
IP address,Kinsing scanner,180.76.231.168,15/08/2022,15/08/2022
IP address,Kinsing scanner,106.12.157.75,15/08/2022,15/08/2022
IP address,Kinsing scanner,81.70.163.154,14/08/2022,14/08/2022
IP address,Kinsing scanner,42.192.126.204,14/08/2022,14/08/2022
IP address,Kinsing scanner,212.107.31.194,09/08/2022,09/08/2022
IP address,Kinsing scanner,172.247.223.221,09/08/2022,09/08/2022
IP address,Kinsing scanner,106.13.210.1,09/08/2022,18/10/2022
IP address,Kinsing scanner,103.45.69.216,09/08/2022,09/08/2022
IP address,Kinsing scanner,113.125.169.55,08/08/2022,08/08/2022
IP address,Kinsing scanner,139.198.43.134,08/08/2022,08/08/2022
IP address,Kinsing scanner,162.142.125.7,08/08/2022,08/08/2022
IP address,Kinsing scanner,209.141.36.112,08/08/2022,08/08/2022
IP address,Kinsing scanner,180.76.242.91,08/08/2022,08/08/2022
IP address,Kinsing scanner,106.13.29.131,08/08/2022,08/08/2022
IP address,Kinsing scanner,47.114.101.117,08/08/2022,08/08/2022
IP address,Kinsing scanner,1.117.176.186,07/08/2022,07/08/2022
IP address,Kinsing scanner,185.7.214.104,07/08/2022,08/08/2022
IP address,Kinsing scanner,162.142.125.220,07/08/2022,20/11/2023
IP address,Kinsing scanner,110.42.139.52,03/08/2022,03/08/2022
IP address,Kinsing scanner,109.237.97.141,31/07/2022,08/03/2023
IP address,Kinsing scanner,95.182.121.73,30/07/2022,22/11/2022
IP address,Kinsing scanner,95.182.123.66,29/07/2022,03/10/2022
IP address,Kinsing scanner,106.13.117.101,23/07/2022,23/07/2022
IP address,Kinsing scanner,182.61.148.48,22/07/2022,22/07/2022
IP address,Kinsing scanner,223.240.104.101,20/07/2022,20/07/2022
IP address,Kinsing scanner,123.57.229.187,20/07/2022,20/07/2022
IP address,Kinsing scanner,111.1.138.20,17/07/2022,17/07/2022
IP address,Kinsing scanner,212.59.64.171,10/07/2022,30/08/2022
IP address,Kinsing scanner,104.244.79.11,10/07/2022,10/07/2022
IP address,Kinsing scanner,81.70.19.195,28/05/2022,28/05/2022
IP address,Kinsing scanner,20.238.43.237,27/05/2022,28/05/2022
IP address,Kinsing scanner,20.120.169.47,22/05/2022,22/05/2022
IP address,Kinsing scanner,20.93.117.194,14/05/2022,14/05/2022
IP address,Kinsing scanner,146.56.175.64,11/05/2022,11/05/2022
IP address,Kinsing scanner,13.79.130.179,29/04/2022,29/04/2022
IP address,Kinsing scanner,40.127.101.96,29/04/2022,30/04/2022
IP address,Kinsing scanner,20.57.136.124,27/04/2022,28/04/2022
IP address,Kinsing scanner,109.237.96.124,27/04/2022,30/11/2023
IP address,Kinsing scanner,95.182.120.164,27/04/2022,29/05/2022
IP address,Kinsing scanner,20.223.204.143,27/04/2022,28/04/2022
IP address,Kinsing scanner,20.57.136.70,26/04/2022,28/04/2022
IP address,Kinsing scanner,205.210.31.143,26/04/2022,26/04/2022
IP address,Kinsing scanner,213.226.123.30,24/04/2022,27/04/2022